0,0
0.1,0
0.2,0
0.3,0
0.4,0
0.5,0
0.6,0
0.7,0
0.8,0
0.9,0
1,0
1.1,0
1.2,0
1.3,0
1.4,0
1.5,0
1.6,0
1.7,0
1.8,0
1.9,0
2,0
2.1,0
2.2,0
2.3,0
2.4,0
2.5,0
2.6,0
2.7,0
2.8,0
2.9,0
3,0
3.1,0
3.2,0
3.3,0
3.4,0
3.5,0
3.6,0
3.7,0
3.8,0
3.9,0
4,0
4.1,0
4.2,0
4.3,0
4.4,0
4.5,0
4.6,0
4.7,0
4.8,0
4.9,0
5,0
5.1,0
5.2,0
5.3,0
5.4,0
5.5,0
5.6,0
5.7,0
5.8,0
5.9,0
6,0
6.1,0
6.2,0
6.3,0
6.4,0
6.5,0
6.6,0
6.7,0
6.8,0
6.9,0
7,0
7.1,0
7.2,0
7.3,0
7.4,0
7.5,0
7.6,0
7.7,0
7.8,0
7.9,0
8,0
8.1,0
8.2,0
8.3,0
8.4,0
8.5,0
8.6,0
8.7,0
8.8,0
8.9,0
9,0
9.1,0
9.2,0
9.3,0
9.4,0
9.5,0
9.6,0
9.7,0
9.8,0
9.9,0
10,0
10.1,0
10.2,0
10.3,0
10.4,0
10.5,0
10.6,0
10.7,0
10.8,0
10.9,0
11,0
11.1,0
11.2,0
11.3,0
11.4,0
11.5,0
11.6,0
11.7,0
11.8,0
11.9,0
12,0
12.1,0
12.2,0
12.3,0
12.4,0
12.5,0
12.6,0
12.7,0
12.8,0
12.9,0
13,0
13.1,0
13.2,0
13.3,0
13.4,0
13.5,0
13.6,0
13.7,0
13.8,0
13.9,0
14,0
14.1,0
14.2,0
14.3,0
14.4,0
14.5,0
14.6,0
14.7,0
14.8,0
14.9,0
15,0
15.1,0
15.2,0
15.3,0
15.4,0
15.5,0
15.6,0
15.7,0
15.8,0
15.9,0
16,0
16.1,0
16.2,0
16.3,0
16.4,0
16.5,0
16.6,0
16.7,0
16.8,0
16.9,0
17,0
17.1,0
17.2,0
17.3,0
17.4,0
17.5,0
17.6,0
17.7,0
17.8,0
17.9,0
18,0
18.1,0
18.2,0
18.3,0
18.4,0
18.5,0
18.6,0
18.7,0
18.8,0
18.9,0
19,0
19.1,0
19.2,0
19.3,0
19.4,0
19.5,0
19.6,0
19.7,0
19.8,0
19.9,0
20,0
20.1,0
20.2,0
20.3,0
20.4,0
20.5,0
20.6,0
20.7,0
20.8,0
20.9,0
21,0
21.1,0
21.2,0
21.3,0
21.4,0
21.5,0
21.6,0
21.7,0
21.8,0
21.9,0
22,0
22.1,0
22.2,0
22.3,0
22.4,0
22.5,0
22.6,0
22.7,0
22.8,0
22.9,0
23,0
23.1,0
23.2,0
23.3,0
23.4,0
23.5,0
23.6,0
23.7,0
23.8,0
23.9,0
24,0
24.1,0
24.2,0
24.3,0
24.4,0
24.5,0
24.6,0
24.7,0
24.8,0
24.9,0
25,0
25.1,0
25.2,0
25.3,0
25.4,0
25.5,0
25.6,0
25.7,0
25.8,0
25.9,0
26,0
26.1,0
26.2,0
26.3,0
26.4,0
26.5,0
26.6,0
26.7,0
26.8,0
26.9,0
27,0
27.1,0
27.2,0
27.3,0
27.4,0
27.5,0
27.6,0
27.7,0
27.8,0
27.9,0
28,0
28.1,0
28.2,0
28.3,0
28.4,0
28.5,0
28.6,0
28.7,0
28.8,0
28.9,0
29,0
29.1,0
29.2,0
29.3,0
29.4,0
29.5,0
29.6,0
29.7,0
29.8,0
29.9,0
30,0
30.1,0
30.2,0
30.3,0
30.4,0
30.5,0
30.6,0
30.7,0
30.8,0
30.9,0
31,0
31.1,0
31.2,0
31.3,0
31.4,0
31.5,0
31.6,0
31.7,0
31.8,0
31.9,0
32,0
32.1,0
32.2,0
32.3,0
32.4,0
32.5,0
32.6,0
32.7,0
32.8,0
32.9,0
33,0
33.1,0
33.2,0
33.3,0
33.4,0
33.5,0
33.6,0
33.7,0
33.8,0
33.9,0
34,0
34.1,0
34.2,0
34.3,0
34.4,0
34.5,0
34.6,0
34.7,0
34.8,0
34.9,0
35,0
35.1,0
35.2,0
35.3,0
35.4,0
35.5,0
35.6,0
35.7,0
35.8,0
35.9,0
36,0
36.1,0
36.2,0
36.3,0
36.4,0
36.5,0
36.6,0
36.7,0
36.8,0
36.9,0
37,0
37.1,0
37.2,0
37.3,0
37.4,0
37.5,0
37.6,0
37.7,0
37.8,0
37.9,0
38,0
38.1,0
38.2,0
38.3,0
38.4,0
38.5,0
38.6,0
38.7,0
38.8,0
38.9,0
39,0
39.1,0
39.2,0
39.3,0
39.4,0
39.5,0
39.6,0
39.7,0
39.8,0
39.9,0
40,0
40.1,0
40.2,0
40.3,0
40.4,0
40.5,0
40.6,0
40.7,0
40.8,0
40.9,0
41,0
41.1,0
41.2,0
41.3,0
41.4,0
41.5,0
41.6,0
41.7,0
41.8,0
41.9,0
42,0
42.1,0
42.2,0
42.3,0
42.4,0
42.5,0
42.6,0
42.7,0
42.8,0
42.9,0
43,0
43.1,0
43.2,0
43.3,0
43.4,0
43.5,0
43.6,0
43.7,0
43.8,0
43.9,0
44,0
44.1,0
44.2,0
44.3,0
44.4,0
44.5,0
44.6,0
44.7,0
44.8,0
44.9,0
45,0
45.1,0
45.2,0
45.3,0
45.4,0
45.5,0
45.6,0
45.7,0
45.8,0
45.9,0
46,0
46.1,0
46.2,0
46.3,0
46.4,0
46.5,0
46.6,0
46.7,0
46.8,0
46.9,0
47,0
47.1,0
47.2,0
47.3,0
47.4,0
47.5,0
47.6,0
47.7,0
47.8,0
47.9,0
48,0
48.1,0
48.2,0
48.3,0
48.4,0
48.5,0
48.6,0
48.7,0
48.8,0
48.9,0
49,0
49.1,0
49.2,0
49.3,0
49.4,0
49.5,0
49.6,0
49.7,0
49.8,0
49.9,0
50,0
50.1,0
50.2,0
50.3,0
50.4,0
50.5,0
50.6,0
50.7,0
50.8,0
50.9,0
51,0
51.1,0
51.2,0
51.3,0
51.4,0
51.5,0
51.6,0
51.7,0
51.8,0
51.9,0
52,0
52.1,0
52.2,0
52.3,0
52.4,0
52.5,0
52.6,0
52.7,0
52.8,0
52.9,0
53,0
53.1,0
53.2,0
53.3,0
53.4,0
53.5,0
53.6,0
53.7,0
53.8,0
53.9,0
54,0
54.1,0
54.2,0
54.3,0
54.4,0
54.5,0
54.6,0
54.7,0
54.8,0
54.9,0
55,0
55.1,0
55.2,0
55.3,0
55.4,0
55.5,0
55.6,0
55.7,0
55.8,0
55.9,0
56,0
56.1,0
56.2,0
56.3,0
56.4,0
56.5,0
56.6,0
56.7,0
56.8,0
56.9,0
57,0
57.1,0
57.2,0
57.3,0
57.4,0
57.5,0
57.6,0
57.7,0
57.8,0
57.9,0
58,0
58.1,0
58.2,0
58.3,0
58.4,0
58.5,0
58.6,0
58.7,0
58.8,0
58.9,0
59,0
59.1,0
59.2,0
59.3,0
59.4,0
59.5,0
59.6,0
59.7,0
59.8,0
59.9,0
60,0
60.1,0
60.2,0
60.3,0
60.4,0
60.5,0
60.6,0
60.7,0
60.8,0
60.9,0
61,0
61.1,0
61.2,0
61.3,0
61.4,0
61.5,0
61.6,0
61.7,0
61.8,0
61.9,0
62,0
62.1,0
62.2,0
62.3,0
62.4,0
62.5,0
62.6,0
62.7,0
62.8,0
62.9,0
63,0
63.1,0
63.2,0
63.3,0
63.4,0
63.5,0
63.6,0
63.7,0
63.8,0
63.9,0
64,0
64.1,0
64.2,0
64.3,0
64.4,0
64.5,0
64.6,0
64.7,0
64.8,0
64.9,0
65,0
65.1,0
65.2,0
65.3,0
65.4,0
65.5,0
65.6,0
65.7,0
65.8,0
65.9,0
66,0
66.1,0
66.2,0
66.3,0
66.4,0
66.5,0
66.6,0
66.7,0
66.8,0
66.9,0
67,0
67.1,0
67.2,0
67.3,0
67.4,0
67.5,0
67.6,0
67.7,0
67.8,0
67.9,0
68,0
68.1,0
68.2,0
68.3,0
68.4,0
68.5,0
68.6,0
68.7,0
68.8,0
68.9,0
69,0
69.1,0
69.2,0
69.3,0
69.4,0
69.5,0
69.6,0
69.7,0
69.8,0
69.9,0
70,0
70.1,0
70.2,0
70.3,0
70.4,0
70.5,0
70.6,0
70.7,0
70.8,0
70.9,0
71,0
71.1,0
71.2,0
71.3,0
71.4,0
71.5,0
71.6,0
71.7,0
71.8,0
71.9,0
72,0
72.1,0
72.2,0
72.3,0
72.4,0
72.5,0
72.6,0
72.7,0
72.8,0
72.9,0
73,0
73.1,0
73.2,0
73.3,0
73.4,0
73.5,0
73.6,0
73.7,0
73.8,0
73.9,0
74,0
74.1,0
74.2,0
74.3,0
74.4,0
74.5,0
74.6,0
74.7,0
74.8,0
74.9,0
75,0
75.1,0
75.2,0
75.3,0
75.4,0
75.5,0
75.6,0
75.7,0
75.8,0
75.9,0
76,0
76.1,0
76.2,0
76.3,0
76.4,0
76.5,0
76.6,0
76.7,0
76.8,0
76.9,0
77,0
77.1,0
77.2,0
77.3,0
77.4,0
77.5,0
77.6,0
77.7,0
77.8,0
77.9,0
78,0
78.1,0
78.2,0
78.3,0
78.4,0
78.5,0
78.6,0
78.7,0
78.8,0
78.9,0
79,0
79.1,0
79.2,0
79.3,0
79.4,0
79.5,0
79.6,0
79.7,0
79.8,0
79.9,0
80,0
80.1,0
80.2,0
80.3,0
80.4,0
80.5,0
80.6,0
80.7,0
80.8,0
80.9,0
81,0
81.1,0
81.2,0
81.3,0
81.4,0
81.5,0
81.6,0
81.7,0
81.8,0
81.9,0
82,0
82.1,0
82.2,0
82.3,0
82.4,0
82.5,0
82.6,0
82.7,0
82.8,0
82.9,0
83,0
83.1,0
83.2,0
83.3,0
83.4,0
83.5,0
83.6,0
83.7,0
83.8,0
83.9,0
84,0
84.1,0
84.2,0
84.3,0
84.4,0
84.5,0
84.6,0
84.7,0
84.8,0
84.9,0
85,0
85.1,0
85.2,0
85.3,0
85.4,0
85.5,0
85.6,0
85.7,0
85.8,0
85.9,0
86,0
86.1,0
86.2,0
86.3,0
86.4,0
86.5,0
86.6,0
86.7,0
86.8,0
86.9,0
87,0
87.1,0
87.2,0
87.3,0
87.4,0
87.5,0
87.6,0
87.7,0
87.8,0
87.9,0
88,0
88.1,0
88.2,0
88.3,0
88.4,0
88.5,0
88.6,0
88.7,0
88.8,0
88.9,0
89,0
89.1,0
89.2,0
89.3,0
89.4,0
89.5,0
89.6,0
89.7,0
89.8,0
89.9,1.03E-05
90,0
90.1,1.03E-05
90.2,4.11E-05
90.3,9.25E-05
90.4,0.000164487
90.5,0.000257006
90.6,0.00037008
90.7,0.000503705
90.8,0.000657877
90.9,0.000832594
91,0.001027849
91.1,0.001243638
91.2,0.001479954
91.3,0.001736791
91.4,0.002014142
91.5,0.002312
91.6,0.002630356
91.7,0.002969201
91.8,0.003328527
91.9,0.003708323
92,0.004108578
92.1,0.004529283
92.2,0.004970426
92.3,0.005431994
92.4,0.005913974
92.5,0.006416354
92.6,0.00693912
92.7,0.007482257
92.8,0.00804575
92.9,0.008629585
93,0.009233745
93.1,0.009858213
93.2,0.010502972
93.3,0.011168005
93.4,0.011853294
93.5,0.012558819
93.6,0.013284562
93.7,0.014030502
93.8,0.014796619
93.9,0.015582892
94,0.016389299
94.1,0.017215819
94.2,0.018062429
94.3,0.018929104
94.4,0.019815823
94.5,0.02072256
94.6,0.02164929
94.7,0.022595989
94.8,0.023562629
94.9,0.024549185
95,0.02555563
95.1,0.026581936
95.2,0.027628075
95.3,0.028694018
95.4,0.029779736
95.5,0.030885199
95.6,0.032010377
95.7,0.033155239
95.8,0.034319754
95.9,0.035503889
96,0.036707613
96.1,0.037930892
96.2,0.039173692
96.3,0.040435981
96.4,0.041717722
96.5,0.043018882
96.6,0.044339423
96.7,0.045679311
96.8,0.047038508
96.9,0.048416977
97,0.04981468
97.1,0.051231579
97.2,0.052667636
97.3,0.05412281
97.4,0.055597061
97.5,0.057090351
97.6,0.058602636
97.7,0.060133877
97.8,0.061684031
97.9,0.063253055
98,0.064840907
98.1,0.066447543
98.2,0.068072918
98.3,0.069716989
98.4,0.071379711
98.5,0.073061037
98.6,0.074760921
98.7,0.076479318
98.8,0.07821618
98.9,0.079971459
99,0.081745107
99.1,0.083537076
99.2,0.085347316
99.3,0.087175777
99.4,0.089022411
99.5,0.090887166
99.6,0.09276999
99.7,0.094670833
99.8,0.096589642
99.9,0.098526364
100,0.100480947
100.1,0.102453337
100.2,0.10444348
100.3,0.106451321
100.4,0.108476805
100.5,0.110519877
100.6,0.11258048
100.7,0.114658559
100.8,0.116754056
100.9,0.118866914
101,0.120997074
101.1,0.123144479
101.2,0.125309069
101.3,0.127490786
101.4,0.129689569
101.5,0.131905359
101.6,0.134138093
101.7,0.136387712
101.8,0.138654153
101.9,0.140937355
102,0.143237254
102.1,0.145553788
102.2,0.147886894
102.3,0.150236506
102.4,0.152602561
102.5,0.154984995
102.6,0.157383741
102.7,0.159798734
102.8,0.162229907
102.9,0.164677194
103,0.167140529
103.1,0.169619843
103.2,0.172115068
103.3,0.174626136
103.4,0.177152979
103.5,0.179695526
103.6,0.182253708
103.7,0.184827456
103.8,0.187416698
103.9,0.190021363
104,0.192641381
104.1,0.195276679
104.2,0.197927185
104.3,0.200592826
104.4,0.203273529
104.5,0.205969222
104.6,0.208679829
104.7,0.211405277
104.8,0.21414549
104.9,0.216900395
105,0.219669914
105.1,0.222453973
105.2,0.225252495
105.3,0.228065403
105.4,0.23089262
105.5,0.233734068
105.6,0.236589671
105.7,0.239459348
105.8,0.242343023
105.9,0.245240615
106,0.248152045
106.1,0.251077234
106.2,0.254016101
106.3,0.256968566
106.4,0.259934547
106.5,0.262913964
106.6,0.265906734
106.7,0.268912776
106.8,0.271932008
106.9,0.274964346
107,0.278009707
107.1,0.281068008
107.2,0.284139165
107.3,0.287223094
107.4,0.29031971
107.5,0.293428928
107.6,0.296550664
107.7,0.299684831
107.8,0.302831344
107.9,0.305990116
108,0.309161061
108.1,0.312344091
108.2,0.315539121
108.3,0.318746061
108.4,0.321964824
108.5,0.325195322
108.6,0.328437467
108.7,0.331691168
108.8,0.334956338
108.9,0.338232887
109,0.341520724
109.1,0.34481976
109.2,0.348129904
109.3,0.351451065
109.4,0.354783153
109.5,0.358126076
109.6,0.361479743
109.7,0.364844061
109.8,0.368218938
109.9,0.371604282
110,0.375
110.1,0.378405999
110.2,0.381822185
110.3,0.385248465
110.4,0.388684744
110.5,0.39213093
110.6,0.395586926
110.7,0.399052639
110.8,0.402527974
110.9,0.406012834
111,0.409507125
111.1,0.413010751
111.2,0.416523616
111.3,0.420045623
111.4,0.423576675
111.5,0.427116677
111.6,0.430665531
111.7,0.43422314
111.8,0.437789406
111.9,0.441364231
112,0.444947518
112.1,0.448539168
112.2,0.452139082
112.3,0.455747163
112.4,0.45936331
112.5,0.462987426
112.6,0.46661941
112.7,0.470259163
112.8,0.473906585
112.9,0.477561577
113,0.481224038
113.1,0.484893867
113.2,0.488570965
113.3,0.492255229
113.4,0.49594656
113.5,0.499644856
113.6,0.503350015
113.7,0.507061936
113.8,0.510780518
113.9,0.514505658
114,0.518237254
114.1,0.521975204
114.2,0.525719406
114.3,0.529469756
114.4,0.533226152
114.5,0.536988491
114.6,0.54075667
114.7,0.544530586
114.8,0.548310135
114.9,0.552095213
115,0.555885716
115.1,0.559681542
115.2,0.563482585
115.3,0.567288741
115.4,0.571099907
115.5,0.574915977
115.6,0.578736847
115.7,0.582562413
115.8,0.586392569
115.9,0.59022721
116,0.594066232
116.1,0.597909528
116.2,0.601756995
116.3,0.605608525
116.4,0.609464014
116.5,0.613323356
116.6,0.617186445
116.7,0.621053175
116.8,0.62492344
116.9,0.628797134
117,0.632674151
117.1,0.636554385
117.2,0.640437729
117.3,0.644324076
117.4,0.648213321
117.5,0.652105356
117.6,0.656000075
117.7,0.659897371
117.8,0.663797137
117.9,0.667699267
118,0.671603653
118.1,0.675510188
118.2,0.679418765
118.3,0.683329277
118.4,0.687241618
118.5,0.691155678
118.6,0.695071352
118.7,0.698988532
118.8,0.70290711
118.9,0.70682698
119,0.710748033
119.1,0.714670162
119.2,0.71859326
119.3,0.722517218
119.4,0.726441931
119.5,0.730367289
119.6,0.734293185
119.7,0.738219512
119.8,0.742146162
119.9,0.746073027
120,0.75
120.1,0.753926973
120.2,0.757853838
120.3,0.761780488
120.4,0.765706815
120.5,0.769632711
120.6,0.773558069
120.7,0.777482782
120.8,0.78140674
120.9,0.785329838
121,0.789251967
121.1,0.79317302
121.2,0.79709289
121.3,0.801011468
121.4,0.804928648
121.5,0.808844322
121.6,0.812758382
121.7,0.816670723
121.8,0.820581235
121.9,0.824489812
122,0.828396347
122.1,0.832300733
122.2,0.836202863
122.3,0.840102629
122.4,0.843999925
122.5,0.847894644
122.6,0.851786679
122.7,0.855675924
122.8,0.859562271
122.9,0.863445615
123,0.867325849
123.1,0.871202866
123.2,0.87507656
123.3,0.878946825
123.4,0.882813555
123.5,0.886676644
123.6,0.890535986
123.7,0.894391475
123.8,0.898243005
123.9,0.902090472
124,0.905933768
124.1,0.90977279
124.2,0.913607431
124.3,0.917437587
124.4,0.921263153
124.5,0.925084023
124.6,0.928900093
124.7,0.932711259
124.8,0.936517415
124.9,0.940318458
125,0.944114284
125.1,0.947904787
125.2,0.951689865
125.3,0.955469414
125.4,0.95924333
125.5,0.963011509
125.6,0.966773848
125.7,0.970530244
125.8,0.974280594
125.9,0.978024796
126,0.981762746
126.1,0.985494342
126.2,0.989219482
126.3,0.992938064
126.4,0.996649985
126.5,1.000355144
126.6,1.00405344
126.7,1.007744771
126.8,1.011429035
126.9,1.015106133
127,1.018775962
127.1,1.022438423
127.2,1.026093415
127.3,1.029740837
127.4,1.03338059
127.5,1.037012574
127.6,1.04063669
127.7,1.044252837
127.8,1.047860918
127.9,1.051460832
128,1.055052482
128.1,1.058635769
128.2,1.062210594
128.3,1.06577686
128.4,1.069334469
128.5,1.072883323
128.6,1.076423325
128.7,1.079954377
128.8,1.083476384
128.9,1.086989249
129,1.090492875
129.1,1.093987166
129.2,1.097472026
129.3,1.100947361
129.4,1.104413074
129.5,1.10786907
129.6,1.111315256
129.7,1.114751535
129.8,1.118177815
129.9,1.121594001
130,1.125
130.1,1.128395718
130.2,1.131781062
130.3,1.135155939
130.4,1.138520257
130.5,1.141873924
130.6,1.145216847
130.7,1.148548935
130.8,1.151870096
130.9,1.15518024
131,1.158479276
131.1,1.161767113
131.2,1.165043662
131.3,1.168308832
131.4,1.171562533
131.5,1.174804678
131.6,1.178035176
131.7,1.181253939
131.8,1.184460879
131.9,1.187655909
132,1.190838939
132.1,1.194009884
132.2,1.197168656
132.3,1.200315169
132.4,1.203449336
132.5,1.206571072
132.6,1.20968029
132.7,1.212776906
132.8,1.215860835
132.9,1.218931992
133,1.221990293
133.1,1.225035654
133.2,1.228067992
133.3,1.231087224
133.4,1.234093266
133.5,1.237086036
133.6,1.240065453
133.7,1.243031434
133.8,1.245983899
133.9,1.248922766
134,1.251847955
134.1,1.254759385
134.2,1.257656977
134.3,1.260540652
134.4,1.263410329
134.5,1.266265932
134.6,1.26910738
134.7,1.271934597
134.8,1.274747505
134.9,1.277546027
135,1.280330086
135.1,1.283099605
135.2,1.28585451
135.3,1.288594723
135.4,1.291320171
135.5,1.294030778
135.6,1.296726471
135.7,1.299407174
135.8,1.302072815
135.9,1.304723321
136,1.307358619
136.1,1.309978637
136.2,1.312583302
136.3,1.315172544
136.4,1.317746292
136.5,1.320304474
136.6,1.322847021
136.7,1.325373864
136.8,1.327884932
136.9,1.330380157
137,1.332859471
137.1,1.335322806
137.2,1.337770093
137.3,1.340201266
137.4,1.342616259
137.5,1.345015005
137.6,1.347397439
137.7,1.349763494
137.8,1.352113106
137.9,1.354446212
138,1.356762746
138.1,1.359062645
138.2,1.361345847
138.3,1.363612288
138.4,1.365861907
138.5,1.368094641
138.6,1.370310431
138.7,1.372509214
138.8,1.374690931
138.9,1.376855521
139,1.379002926
139.1,1.381133086
139.2,1.383245944
139.3,1.385341441
139.4,1.38741952
139.5,1.389480123
139.6,1.391523195
139.7,1.393548679
139.8,1.39555652
139.9,1.397546663
140,1.399519053
140.1,1.401473636
140.2,1.403410358
140.3,1.405329167
140.4,1.40723001
140.5,1.409112834
140.6,1.410977589
140.7,1.412824223
140.8,1.414652684
140.9,1.416462924
141,1.418254893
141.1,1.420028541
141.2,1.42178382
141.3,1.423520682
141.4,1.425239079
141.5,1.426938963
141.6,1.428620289
141.7,1.430283011
141.8,1.431927082
141.9,1.433552457
142,1.435159093
142.1,1.436746945
142.2,1.438315969
142.3,1.439866123
142.4,1.441397364
142.5,1.442909649
142.6,1.444402939
142.7,1.44587719
142.8,1.447332364
142.9,1.448768421
143,1.45018532
143.1,1.451583023
143.2,1.452961492
143.3,1.454320689
143.4,1.455660577
143.5,1.456981118
143.6,1.458282278
143.7,1.459564019
143.8,1.460826308
143.9,1.462069108
144,1.463292387
144.1,1.464496111
144.2,1.465680246
144.3,1.466844761
144.4,1.467989623
144.5,1.469114801
144.6,1.470220264
144.7,1.471305982
144.8,1.472371925
144.9,1.473418064
145,1.47444437
145.1,1.475450815
145.2,1.476437371
145.3,1.477404011
145.4,1.47835071
145.5,1.47927744
145.6,1.480184177
145.7,1.481070896
145.8,1.481937571
145.9,1.482784181
146,1.483610701
146.1,1.484417108
146.2,1.485203381
146.3,1.485969498
146.4,1.486715438
146.5,1.487441181
146.6,1.488146706
146.7,1.488831995
146.8,1.489497028
146.9,1.490141787
147,1.490766255
147.1,1.491370415
147.2,1.49195425
147.3,1.492517743
147.4,1.49306088
147.5,1.493583646
147.6,1.494086026
147.7,1.494568006
147.8,1.495029574
147.9,1.495470717
148,1.495891422
148.1,1.496291677
148.2,1.496671473
148.3,1.497030799
148.4,1.497369644
148.5,1.497688
148.6,1.497985858
148.7,1.498263209
148.8,1.498520046
148.9,1.498756362
149,1.498972151
149.1,1.499167406
149.2,1.499342123
149.3,1.499496295
149.4,1.49962992
149.5,1.499742994
149.6,1.499835513
149.7,1.499907474
149.8,1.499958877
149.9,1.499979438
150,1.5
150.1,1.499979438
150.2,1.499917754
150.3,1.499814949
150.4,1.499671025
150.5,1.499485987
150.6,1.499259841
150.7,1.498992591
150.8,1.498684245
150.9,1.498334812
151,1.497944302
151.1,1.497512725
151.2,1.497040093
151.3,1.496526418
151.4,1.495971716
151.5,1.495376001
151.6,1.494739289
151.7,1.494061598
151.8,1.493342947
151.9,1.492583355
152,1.491782843
152.1,1.490941433
152.2,1.490059148
152.3,1.489136013
152.4,1.488172052
152.5,1.487167292
152.6,1.486121761
152.7,1.485035487
152.8,1.483908499
152.9,1.48274083
153,1.481532511
153.1,1.480283575
153.2,1.478994056
153.3,1.477663989
153.4,1.476293412
153.5,1.474882361
153.6,1.473430876
153.7,1.471938996
153.8,1.470406762
153.9,1.468834216
154,1.467221401
154.1,1.465568362
154.2,1.463875143
154.3,1.462141791
154.4,1.460368354
154.5,1.458554881
154.6,1.45670142
154.7,1.454808023
154.8,1.452874742
154.9,1.450901629
155,1.448888739
155.1,1.446836128
155.2,1.44474385
155.3,1.442611964
155.4,1.440440529
155.5,1.438229602
155.6,1.435979246
155.7,1.433689522
155.8,1.431360493
155.9,1.428992222
156,1.426584774
156.1,1.424138216
156.2,1.421652615
156.3,1.419128038
156.4,1.416564555
156.5,1.413962237
156.6,1.411321153
156.7,1.408641378
156.8,1.405922984
156.9,1.403166046
157,1.40037064
157.1,1.397536841
157.2,1.394664729
157.3,1.391754381
157.4,1.388805877
157.5,1.385819299
157.6,1.382794727
157.7,1.379732246
157.8,1.376631939
157.9,1.37349389
158,1.370318186
158.1,1.367104915
158.2,1.363854164
158.3,1.360566021
158.4,1.357240579
158.5,1.353877927
158.6,1.350478157
158.7,1.347041364
158.8,1.34356764
158.9,1.340057082
159,1.336509786
159.1,1.332925849
159.2,1.329305369
159.3,1.325648445
159.4,1.321955178
159.5,1.318225669
159.6,1.31446002
159.7,1.310658335
159.8,1.306820717
159.9,1.302947272
160,1.299038106
160.1,1.295093326
160.2,1.291113041
160.3,1.287097359
160.4,1.28304639
160.5,1.278960247
160.6,1.274839039
160.7,1.270682882
160.8,1.266491888
160.9,1.262266173
161,1.258005852
161.1,1.253711042
161.2,1.249381861
161.3,1.245018428
161.4,1.240620861
161.5,1.236189283
161.6,1.231723814
161.7,1.227224576
161.8,1.222691694
161.9,1.21812529
162,1.213525492
162.1,1.208892423
162.2,1.204226213
162.3,1.199526988
162.4,1.194794877
162.5,1.19003001
162.6,1.185232519
162.7,1.180402533
162.8,1.175540186
162.9,1.170645611
163,1.165718942
163.1,1.160760315
163.2,1.155769864
163.3,1.150747728
163.4,1.145694043
163.5,1.140608948
163.6,1.135492583
163.7,1.130345088
163.8,1.125166604
163.9,1.119957273
164,1.114717238
164.1,1.109446642
164.2,1.104145631
164.3,1.098814348
164.4,1.093452941
164.5,1.088061557
164.6,1.082640342
164.7,1.077189447
164.8,1.071709019
164.9,1.066199211
165,1.060660172
165.1,1.055092054
165.2,1.049495011
165.3,1.043869195
165.4,1.038214761
165.5,1.032531864
165.6,1.026820659
165.7,1.021081303
165.8,1.015313955
165.9,1.00951877
166,1.00369591
166.1,0.997845532
166.2,0.991967798
166.3,0.986062869
166.4,0.980130906
166.5,0.974172072
166.6,0.968186532
166.7,0.962174447
166.8,0.956135985
166.9,0.950071309
167,0.943980587
167.1,0.937863985
167.2,0.93172167
167.3,0.925553813
167.4,0.91936058
167.5,0.913142144
167.6,0.906898672
167.7,0.900630338
167.8,0.894337312
167.9,0.888019768
168,0.881677878
168.1,0.875311817
168.2,0.868921759
168.3,0.862507878
168.4,0.856070352
168.5,0.849609355
168.6,0.843125067
168.7,0.836617663
168.8,0.830087324
168.9,0.823534227
169,0.816958553
169.1,0.810360481
169.2,0.803740192
169.3,0.797097869
169.4,0.790433693
169.5,0.783747847
169.6,0.777040514
169.7,0.770311878
169.8,0.763562124
169.9,0.756791436
170,0.75
170.1,0.743188003
170.2,0.73635563
170.3,0.729503071
170.4,0.722630511
170.5,0.71573814
170.6,0.708826147
170.7,0.701894721
170.8,0.694944053
170.9,0.687974332
171,0.68098575
171.1,0.673978498
171.2,0.666952769
171.3,0.659908755
171.4,0.652846649
171.5,0.645766645
171.6,0.638668937
171.7,0.63155372
171.8,0.624421188
171.9,0.617271538
172,0.610104965
172.1,0.602921665
172.2,0.595721836
172.3,0.588505675
172.4,0.58127338
172.5,0.574025149
172.6,0.56676118
172.7,0.559481674
172.8,0.552186829
172.9,0.544876846
173,0.537551924
173.1,0.530212266
173.2,0.522858071
173.3,0.515489542
173.4,0.50810688
173.5,0.500710289
173.6,0.49329997
173.7,0.485876127
173.8,0.478438964
173.9,0.470988684
174,0.463525492
174.1,0.456049591
174.2,0.448561188
174.3,0.441060488
174.4,0.433547695
174.5,0.426023017
174.6,0.418486659
174.7,0.410938828
174.8,0.403379731
174.9,0.395809575
175,0.388228568
175.1,0.380636917
175.2,0.373034831
175.3,0.365422518
175.4,0.357800186
175.5,0.350168046
175.6,0.342526305
175.7,0.334875174
175.8,0.327214862
175.9,0.319545579
176,0.311867536
176.1,0.304180943
176.2,0.296486011
176.3,0.28878295
176.4,0.281071972
176.5,0.273353288
176.6,0.26562711
176.7,0.25789365
176.8,0.25015312
176.9,0.242405732
177,0.234651698
177.1,0.22689123
177.2,0.219124543
177.3,0.211351848
177.4,0.203573359
177.5,0.195789288
177.6,0.18799985
177.7,0.180205258
177.8,0.172405726
177.9,0.164601467
178,0.156792695
178.1,0.148979625
178.2,0.14116247
178.3,0.133341445
178.4,0.125516765
178.5,0.117688644
178.6,0.109857296
178.7,0.102022936
178.8,0.094185779
178.9,0.08634604
179,0.078503934
179.1,0.070659676
179.2,0.062813481
179.3,0.054965563
179.4,0.047116139
179.5,0.039265422
179.6,0.03141363
179.7,0.023560976
179.8,0.015707676
179.9,0.007853946
180,4.59E-16
180.1,-0.007853946
180.2,-0.015707676
180.3,-0.023560976
180.4,-0.03141363
180.5,-0.039265422
180.6,-0.047116139
180.7,-0.054965563
180.8,-0.062813481
180.9,-0.070659676
181,-0.078503934
181.1,-0.08634604
181.2,-0.094185779
181.3,-0.102022936
181.4,-0.109857296
181.5,-0.117688644
181.6,-0.125516765
181.7,-0.133341445
181.8,-0.14116247
181.9,-0.148979625
182,-0.156792695
182.1,-0.164601467
182.2,-0.172405726
182.3,-0.180205258
182.4,-0.18799985
182.5,-0.195789288
182.6,-0.203573359
182.7,-0.211351848
182.8,-0.219124543
182.9,-0.22689123
183,-0.234651698
183.1,-0.242405732
183.2,-0.25015312
183.3,-0.25789365
183.4,-0.26562711
183.5,-0.273353288
183.6,-0.281071972
183.7,-0.28878295
183.8,-0.296486011
183.9,-0.304180943
184,-0.311867536
184.1,-0.319545579
184.2,-0.327214862
184.3,-0.334875174
184.4,-0.342526305
184.5,-0.350168046
184.6,-0.357800186
184.7,-0.365422518
184.8,-0.373034831
184.9,-0.380636917
185,-0.388228568
185.1,-0.395809575
185.2,-0.403379731
185.3,-0.410938828
185.4,-0.418486659
185.5,-0.426023017
185.6,-0.433547695
185.7,-0.441060488
185.8,-0.448561188
185.9,-0.456049591
186,-0.463525492
186.1,-0.470988684
186.2,-0.478438964
186.3,-0.485876127
186.4,-0.49329997
186.5,-0.500710289
186.6,-0.50810688
186.7,-0.515489542
186.8,-0.522858071
186.9,-0.530212266
187,-0.537551924
187.1,-0.544876846
187.2,-0.552186829
187.3,-0.559481674
187.4,-0.56676118
187.5,-0.574025149
187.6,-0.58127338
187.7,-0.588505675
187.8,-0.595721836
187.9,-0.602921665
188,-0.610104965
188.1,-0.617271538
188.2,-0.624421188
188.3,-0.63155372
188.4,-0.638668937
188.5,-0.645766645
188.6,-0.652846649
188.7,-0.659908755
188.8,-0.666952769
188.9,-0.673978498
189,-0.68098575
189.1,-0.687974332
189.2,-0.694944053
189.3,-0.701894721
189.4,-0.708826147
189.5,-0.71573814
189.6,-0.722630511
189.7,-0.729503071
189.8,-0.73635563
189.9,-0.743188003
190,-0.75
190.1,-0.756791436
190.2,-0.763562124
190.3,-0.770311878
190.4,-0.777040514
190.5,-0.783747847
190.6,-0.790433693
190.7,-0.797097869
190.8,-0.803740192
190.9,-0.810360481
191,-0.816958553
191.1,-0.823534227
191.2,-0.830087324
191.3,-0.836617663
191.4,-0.843125067
191.5,-0.849609355
191.6,-0.856070352
191.7,-0.862507878
191.8,-0.868921759
191.9,-0.875311817
192,-0.881677878
192.1,-0.888019768
192.2,-0.894337312
192.3,-0.900630338
192.4,-0.906898672
192.5,-0.913142144
192.6,-0.91936058
192.7,-0.925553813
192.8,-0.93172167
192.9,-0.937863985
193,-0.943980587
193.1,-0.950071309
193.2,-0.956135985
193.3,-0.962174447
193.4,-0.968186532
193.5,-0.974172072
193.6,-0.980130906
193.7,-0.986062869
193.8,-0.991967798
193.9,-0.997845532
194,-1.00369591
194.1,-1.00951877
194.2,-1.015313955
194.3,-1.021081303
194.4,-1.026820659
194.5,-1.032531864
194.6,-1.038214761
194.7,-1.043869195
194.8,-1.049495011
194.9,-1.055092054
195,-1.060660172
195.1,-1.066199211
195.2,-1.071709019
195.3,-1.077189447
195.4,-1.082640342
195.5,-1.088061557
195.6,-1.093452941
195.7,-1.098814348
195.8,-1.104145631
195.9,-1.109446642
196,-1.114717238
196.1,-1.119957273
196.2,-1.125166604
196.3,-1.130345088
196.4,-1.135492583
196.5,-1.140608948
196.6,-1.145694043
196.7,-1.150747728
196.8,-1.155769864
196.9,-1.160760315
197,-1.165718942
197.1,-1.170645611
197.2,-1.175540186
197.3,-1.180402533
197.4,-1.185232519
197.5,-1.19003001
197.6,-1.194794877
197.7,-1.199526988
197.8,-1.204226213
197.9,-1.208892423
198,-1.213525492
198.1,-1.21812529
198.2,-1.222691694
198.3,-1.227224576
198.4,-1.231723814
198.5,-1.236189283
198.6,-1.240620861
198.7,-1.245018428
198.8,-1.249381861
198.9,-1.253711042
199,-1.258005852
199.1,-1.262266173
199.2,-1.266491888
199.3,-1.270682882
199.4,-1.274839039
199.5,-1.278960247
199.6,-1.28304639
199.7,-1.287097359
199.8,-1.291113041
199.9,-1.295093326
200,-1.299038106
200.1,-1.302947272
200.2,-1.306820717
200.3,-1.310658335
200.4,-1.31446002
200.5,-1.318225669
200.6,-1.321955178
200.7,-1.325648445
200.8,-1.329305369
200.9,-1.332925849
201,-1.336509786
201.1,-1.340057082
201.2,-1.34356764
201.3,-1.347041364
201.4,-1.350478157
201.5,-1.353877927
201.6,-1.357240579
201.7,-1.360566021
201.8,-1.363854164
201.9,-1.367104915
202,-1.370318186
202.1,-1.37349389
202.2,-1.376631939
202.3,-1.379732246
202.4,-1.382794727
202.5,-1.385819299
202.6,-1.388805877
202.7,-1.391754381
202.8,-1.394664729
202.9,-1.397536841
203,-1.40037064
203.1,-1.403166046
203.2,-1.405922984
203.3,-1.408641378
203.4,-1.411321153
203.5,-1.413962237
203.6,-1.416564555
203.7,-1.419128038
203.8,-1.421652615
203.9,-1.424138216
204,-1.426584774
204.1,-1.428992222
204.2,-1.431360493
204.3,-1.433689522
204.4,-1.435979246
204.5,-1.438229602
204.6,-1.440440529
204.7,-1.442611964
204.8,-1.44474385
204.9,-1.446836128
205,-1.448888739
205.1,-1.450901629
205.2,-1.452874742
205.3,-1.454808023
205.4,-1.45670142
205.5,-1.458554881
205.6,-1.460368354
205.7,-1.462141791
205.8,-1.463875143
205.9,-1.465568362
206,-1.467221401
206.1,-1.468834216
206.2,-1.470406762
206.3,-1.471938996
206.4,-1.473430876
206.5,-1.474882361
206.6,-1.476293412
206.7,-1.477663989
206.8,-1.478994056
206.9,-1.480283575
207,-1.481532511
207.1,-1.48274083
207.2,-1.483908499
207.3,-1.485035487
207.4,-1.486121761
207.5,-1.487167292
207.6,-1.488172052
207.7,-1.489136013
207.8,-1.490059148
207.9,-1.490941433
208,-1.491782843
208.1,-1.492583355
208.2,-1.493342947
208.3,-1.494061598
208.4,-1.494739289
208.5,-1.495376001
208.6,-1.495971716
208.7,-1.496526418
208.8,-1.497040093
208.9,-1.497512725
209,-1.497944302
209.1,-1.498334812
209.2,-1.498684245
209.3,-1.498992591
209.4,-1.499259841
209.5,-1.499485987
209.6,-1.499671025
209.7,-1.499814949
209.8,-1.499917754
209.9,-1.499979438
210,-1.5
210.1,-1.499979438
210.2,-1.499917754
210.3,-1.499814949
210.4,-1.499671025
210.5,-1.499485987
210.6,-1.499259841
210.7,-1.498992591
210.8,-1.498684245
210.9,-1.498334812
211,-1.497944302
211.1,-1.497512725
211.2,-1.497040093
211.3,-1.496526418
211.4,-1.495971716
211.5,-1.495376001
211.6,-1.494739289
211.7,-1.494061598
211.8,-1.493342947
211.9,-1.492583355
212,-1.491782843
212.1,-1.490941433
212.2,-1.490059148
212.3,-1.489136013
212.4,-1.488172052
212.5,-1.487167292
212.6,-1.486121761
212.7,-1.485035487
212.8,-1.483908499
212.9,-1.48274083
213,-1.481532511
213.1,-1.480283575
213.2,-1.478994056
213.3,-1.477663989
213.4,-1.476293412
213.5,-1.474882361
213.6,-1.473430876
213.7,-1.471938996
213.8,-1.470406762
213.9,-1.468834216
214,-1.467221401
214.1,-1.465568362
214.2,-1.463875143
214.3,-1.462141791
214.4,-1.460368354
214.5,-1.458554881
214.6,-1.45670142
214.7,-1.454808023
214.8,-1.452874742
214.9,-1.450901629
215,-1.448888739
215.1,-1.446836128
215.2,-1.44474385
215.3,-1.442611964
215.4,-1.440440529
215.5,-1.438229602
215.6,-1.435979246
215.7,-1.433689522
215.8,-1.431360493
215.9,-1.428992222
216,-1.426584774
216.1,-1.424138216
216.2,-1.421652615
216.3,-1.419128038
216.4,-1.416564555
216.5,-1.413962237
216.6,-1.411321153
216.7,-1.408641378
216.8,-1.405922984
216.9,-1.403166046
217,-1.40037064
217.1,-1.397536841
217.2,-1.394664729
217.3,-1.391754381
217.4,-1.388805877
217.5,-1.385819299
217.6,-1.382794727
217.7,-1.379732246
217.8,-1.376631939
217.9,-1.37349389
218,-1.370318186
218.1,-1.367104915
218.2,-1.363854164
218.3,-1.360566021
218.4,-1.357240579
218.5,-1.353877927
218.6,-1.350478157
218.7,-1.347041364
218.8,-1.34356764
218.9,-1.340057082
219,-1.336509786
219.1,-1.332925849
219.2,-1.329305369
219.3,-1.325648445
219.4,-1.321955178
219.5,-1.318225669
219.6,-1.31446002
219.7,-1.310658335
219.8,-1.306820717
219.9,-1.302947272
220,-1.299038106
220.1,-1.295093326
220.2,-1.291113041
220.3,-1.287097359
220.4,-1.28304639
220.5,-1.278960247
220.6,-1.274839039
220.7,-1.270682882
220.8,-1.266491888
220.9,-1.262266173
221,-1.258005852
221.1,-1.253711042
221.2,-1.249381861
221.3,-1.245018428
221.4,-1.240620861
221.5,-1.236189283
221.6,-1.231723814
221.7,-1.227224576
221.8,-1.222691694
221.9,-1.21812529
222,-1.213525492
222.1,-1.208892423
222.2,-1.204226213
222.3,-1.199526988
222.4,-1.194794877
222.5,-1.19003001
222.6,-1.185232519
222.7,-1.180402533
222.8,-1.175540186
222.9,-1.170645611
223,-1.165718942
223.1,-1.160760315
223.2,-1.155769864
223.3,-1.150747728
223.4,-1.145694043
223.5,-1.140608948
223.6,-1.135492583
223.7,-1.130345088
223.8,-1.125166604
223.9,-1.119957273
224,-1.114717238
224.1,-1.109446642
224.2,-1.104145631
224.3,-1.098814348
224.4,-1.093452941
224.5,-1.088061557
224.6,-1.082640342
224.7,-1.077189447
224.8,-1.071709019
224.9,-1.066199211
225,-1.060660172
225.1,-1.055092054
225.2,-1.049495011
225.3,-1.043869195
225.4,-1.038214761
225.5,-1.032531864
225.6,-1.026820659
225.7,-1.021081303
225.8,-1.015313955
225.9,-1.00951877
226,-1.00369591
226.1,-0.997845532
226.2,-0.991967798
226.3,-0.986062869
226.4,-0.980130906
226.5,-0.974172072
226.6,-0.968186532
226.7,-0.962174447
226.8,-0.956135985
226.9,-0.950071309
227,-0.943980587
227.1,-0.937863985
227.2,-0.93172167
227.3,-0.925553813
227.4,-0.91936058
227.5,-0.913142144
227.6,-0.906898672
227.7,-0.900630338
227.8,-0.894337312
227.9,-0.888019768
228,-0.881677878
228.1,-0.875311817
228.2,-0.868921759
228.3,-0.862507878
228.4,-0.856070352
228.5,-0.849609355
228.6,-0.843125067
228.7,-0.836617663
228.8,-0.830087324
228.9,-0.823534227
229,-0.816958553
229.1,-0.810360481
229.2,-0.803740192
229.3,-0.797097869
229.4,-0.790433693
229.5,-0.783747847
229.6,-0.777040514
229.7,-0.770311878
229.8,-0.763562124
229.9,-0.756791436
230,-0.75
230.1,-0.743188003
230.2,-0.73635563
230.3,-0.729503071
230.4,-0.722630511
230.5,-0.71573814
230.6,-0.708826147
230.7,-0.701894721
230.8,-0.694944053
230.9,-0.687974332
231,-0.68098575
231.1,-0.673978498
231.2,-0.666952769
231.3,-0.659908755
231.4,-0.652846649
231.5,-0.645766645
231.6,-0.638668937
231.7,-0.63155372
231.8,-0.624421188
231.9,-0.617271538
232,-0.610104965
232.1,-0.602921665
232.2,-0.595721836
232.3,-0.588505675
232.4,-0.58127338
232.5,-0.574025149
232.6,-0.56676118
232.7,-0.559481674
232.8,-0.552186829
232.9,-0.544876846
233,-0.537551924
233.1,-0.530212266
233.2,-0.522858071
233.3,-0.515489542
233.4,-0.50810688
233.5,-0.500710289
233.6,-0.49329997
233.7,-0.485876127
233.8,-0.478438964
233.9,-0.470988684
234,-0.463525492
234.1,-0.456049591
234.2,-0.448561188
234.3,-0.441060488
234.4,-0.433547695
234.5,-0.426023017
234.6,-0.418486659
234.7,-0.410938828
234.8,-0.403379731
234.9,-0.395809575
235,-0.388228568
235.1,-0.380636917
235.2,-0.373034831
235.3,-0.365422518
235.4,-0.357800186
235.5,-0.350168046
235.6,-0.342526305
235.7,-0.334875174
235.8,-0.327214862
235.9,-0.319545579
236,-0.311867536
236.1,-0.304180943
236.2,-0.296486011
236.3,-0.28878295
236.4,-0.281071972
236.5,-0.273353288
236.6,-0.26562711
236.7,-0.25789365
236.8,-0.25015312
236.9,-0.242405732
237,-0.234651698
237.1,-0.22689123
237.2,-0.219124543
237.3,-0.211351848
237.4,-0.203573359
237.5,-0.195789288
237.6,-0.18799985
237.7,-0.180205258
237.8,-0.172405726
237.9,-0.164601467
238,-0.156792695
238.1,-0.148979625
238.2,-0.14116247
238.3,-0.133341445
238.4,-0.125516765
238.5,-0.117688644
238.6,-0.109857296
238.7,-0.102022936
238.8,-0.094185779
238.9,-0.08634604
239,-0.078503934
239.1,-0.070659676
239.2,-0.062813481
239.3,-0.054965563
239.4,-0.047116139
239.5,-0.039265422
239.6,-0.03141363
239.7,-0.023560976
239.8,-0.015707676
239.9,-0.007853946
240,-6.43E-16
240.1,0.007853946
240.2,0.015707676
240.3,0.023560976
240.4,0.03141363
240.5,0.039265422
240.6,0.047116139
240.7,0.054965563
240.8,0.062813481
240.9,0.070659676
241,0.078503934
241.1,0.08634604
241.2,0.094185779
241.3,0.102022936
241.4,0.109857296
241.5,0.117688644
241.6,0.125516765
241.7,0.133341445
241.8,0.14116247
241.9,0.148979625
242,0.156792695
242.1,0.164601467
242.2,0.172405726
242.3,0.180205258
242.4,0.18799985
242.5,0.195789288
242.6,0.203573359
242.7,0.211351848
242.8,0.219124543
242.9,0.22689123
243,0.234651698
243.1,0.242405732
243.2,0.25015312
243.3,0.25789365
243.4,0.26562711
243.5,0.273353288
243.6,0.281071972
243.7,0.28878295
243.8,0.296486011
243.9,0.304180943
244,0.311867536
244.1,0.319545579
244.2,0.327214862
244.3,0.334875174
244.4,0.342526305
244.5,0.350168046
244.6,0.357800186
244.7,0.365422518
244.8,0.373034831
244.9,0.380636917
245,0.388228568
245.1,0.395809575
245.2,0.403379731
245.3,0.410938828
245.4,0.418486659
245.5,0.426023017
245.6,0.433547695
245.7,0.441060488
245.8,0.448561188
245.9,0.456049591
246,0.463525492
246.1,0.470988684
246.2,0.478438964
246.3,0.485876127
246.4,0.49329997
246.5,0.500710289
246.6,0.50810688
246.7,0.515489542
246.8,0.522858071
246.9,0.530212266
247,0.537551924
247.1,0.544876846
247.2,0.552186829
247.3,0.559481674
247.4,0.56676118
247.5,0.574025149
247.6,0.58127338
247.7,0.588505675
247.8,0.595721836
247.9,0.602921665
248,0.610104965
248.1,0.617271538
248.2,0.624421188
248.3,0.63155372
248.4,0.638668937
248.5,0.645766645
248.6,0.652846649
248.7,0.659908755
248.8,0.666952769
248.9,0.673978498
249,0.68098575
249.1,0.687974332
249.2,0.694944053
249.3,0.701894721
249.4,0.708826147
249.5,0.71573814
249.6,0.722630511
249.7,0.729503071
249.8,0.73635563
249.9,0.743188003
250,0.75
250.1,0.756791436
250.2,0.763562124
250.3,0.770311878
250.4,0.777040514
250.5,0.783747847
250.6,0.790433693
250.7,0.797097869
250.8,0.803740192
250.9,0.810360481
251,0.816958553
251.1,0.823534227
251.2,0.830087324
251.3,0.836617663
251.4,0.843125067
251.5,0.849609355
251.6,0.856070352
251.7,0.862507878
251.8,0.868921759
251.9,0.875311817
252,0.881677878
252.1,0.888019768
252.2,0.894337312
252.3,0.900630338
252.4,0.906898672
252.5,0.913142144
252.6,0.91936058
252.7,0.925553813
252.8,0.93172167
252.9,0.937863985
253,0.943980587
253.1,0.950071309
253.2,0.956135985
253.3,0.962174447
253.4,0.968186532
253.5,0.974172072
253.6,0.980130906
253.7,0.986062869
253.8,0.991967798
253.9,0.997845532
254,1.00369591
254.1,1.00951877
254.2,1.015313955
254.3,1.021081303
254.4,1.026820659
254.5,1.032531864
254.6,1.038214761
254.7,1.043869195
254.8,1.049495011
254.9,1.055092054
255,1.060660172
255.1,1.066199211
255.2,1.071709019
255.3,1.077189447
255.4,1.082640342
255.5,1.088061557
255.6,1.093452941
255.7,1.098814348
255.8,1.104145631
255.9,1.109446642
256,1.114717238
256.1,1.119957273
256.2,1.125166604
256.3,1.130345088
256.4,1.135492583
256.5,1.140608948
256.6,1.145694043
256.7,1.150747728
256.8,1.155769864
256.9,1.160760315
257,1.165718942
257.1,1.170645611
257.2,1.175540186
257.3,1.180402533
257.4,1.185232519
257.5,1.19003001
257.6,1.194794877
257.7,1.199526988
257.8,1.204226213
257.9,1.208892423
258,1.213525492
258.1,1.21812529
258.2,1.222691694
258.3,1.227224576
258.4,1.231723814
258.5,1.236189283
258.6,1.240620861
258.7,1.245018428
258.8,1.249381861
258.9,1.253711042
259,1.258005852
259.1,1.262266173
259.2,1.266491888
259.3,1.270682882
259.4,1.274839039
259.5,1.278960247
259.6,1.28304639
259.7,1.287097359
259.8,1.291113041
259.9,1.295093326
260,1.299038106
260.1,1.302947272
260.2,1.306820717
260.3,1.310658335
260.4,1.31446002
260.5,1.318225669
260.6,1.321955178
260.7,1.325648445
260.8,1.329305369
260.9,1.332925849
261,1.336509786
261.1,1.340057082
261.2,1.34356764
261.3,1.347041364
261.4,1.350478157
261.5,1.353877927
261.6,1.357240579
261.7,1.360566021
261.8,1.363854164
261.9,1.367104915
262,1.370318186
262.1,1.37349389
262.2,1.376631939
262.3,1.379732246
262.4,1.382794727
262.5,1.385819299
262.6,1.388805877
262.7,1.391754381
262.8,1.394664729
262.9,1.397536841
263,1.40037064
263.1,1.403166046
263.2,1.405922984
263.3,1.408641378
263.4,1.411321153
263.5,1.413962237
263.6,1.416564555
263.7,1.419128038
263.8,1.421652615
263.9,1.424138216
264,1.426584774
264.1,1.428992222
264.2,1.431360493
264.3,1.433689522
264.4,1.435979246
264.5,1.438229602
264.6,1.440440529
264.7,1.442611964
264.8,1.44474385
264.9,1.446836128
265,1.448888739
265.1,1.450901629
265.2,1.452874742
265.3,1.454808023
265.4,1.45670142
265.5,1.458554881
265.6,1.460368354
265.7,1.462141791
265.8,1.463875143
265.9,1.465568362
266,1.467221401
266.1,1.468834216
266.2,1.470406762
266.3,1.471938996
266.4,1.473430876
266.5,1.474882361
266.6,1.476293412
266.7,1.477663989
266.8,1.478994056
266.9,1.480283575
267,1.481532511
267.1,1.48274083
267.2,1.483908499
267.3,1.485035487
267.4,1.486121761
267.5,1.487167292
267.6,1.488172052
267.7,1.489136013
267.8,1.490059148
267.9,1.490941433
268,1.491782843
268.1,1.492583355
268.2,1.493342947
268.3,1.494061598
268.4,1.494739289
268.5,1.495376001
268.6,1.495971716
268.7,1.496526418
268.8,1.497040093
268.9,1.497512725
269,1.497944302
269.1,1.498334812
269.2,1.498684245
269.3,1.498992591
269.4,1.499259841
269.5,1.499485987
269.6,1.499671025
269.7,1.499814949
269.8,1.499917754
269.9,1.499979438
270,1.5
270.1,1.499979438
270.2,1.499917754
270.3,1.499814949
270.4,1.499671025
270.5,1.499485987
270.6,1.499259841
270.7,1.498992591
270.8,1.498684245
270.9,1.498334812
271,1.497944302
271.1,1.497512725
271.2,1.497040093
271.3,1.496526418
271.4,1.495971716
271.5,1.495376001
271.6,1.494739289
271.7,1.494061598
271.8,1.493342947
271.9,1.492583355
272,1.491782843
272.1,1.490941433
272.2,1.490059148
272.3,1.489136013
272.4,1.488172052
272.5,1.487167292
272.6,1.486121761
272.7,1.485035487
272.8,1.483908499
272.9,1.48274083
273,1.481532511
273.1,1.480283575
273.2,1.478994056
273.3,1.477663989
273.4,1.476293412
273.5,1.474882361
273.6,1.473430876
273.7,1.471938996
273.8,1.470406762
273.9,1.468834216
274,1.467221401
274.1,1.465568362
274.2,1.463875143
274.3,1.462141791
274.4,1.460368354
274.5,1.458554881
274.6,1.45670142
274.7,1.454808023
274.8,1.452874742
274.9,1.450901629
275,1.448888739
275.1,1.446836128
275.2,1.44474385
275.3,1.442611964
275.4,1.440440529
275.5,1.438229602
275.6,1.435979246
275.7,1.433689522
275.8,1.431360493
275.9,1.428992222
276,1.426584774
276.1,1.424138216
276.2,1.421652615
276.3,1.419128038
276.4,1.416564555
276.5,1.413962237
276.6,1.411321153
276.7,1.408641378
276.8,1.405922984
276.9,1.403166046
277,1.40037064
277.1,1.397536841
277.2,1.394664729
277.3,1.391754381
277.4,1.388805877
277.5,1.385819299
277.6,1.382794727
277.7,1.379732246
277.8,1.376631939
277.9,1.37349389
278,1.370318186
278.1,1.367104915
278.2,1.363854164
278.3,1.360566021
278.4,1.357240579
278.5,1.353877927
278.6,1.350478157
278.7,1.347041364
278.8,1.34356764
278.9,1.340057082
279,1.336509786
279.1,1.332925849
279.2,1.329305369
279.3,1.325648445
279.4,1.321955178
279.5,1.318225669
279.6,1.31446002
279.7,1.310658335
279.8,1.306820717
279.9,1.302947272
280,1.299038106
280.1,1.295093326
280.2,1.291113041
280.3,1.287097359
280.4,1.28304639
280.5,1.278960247
280.6,1.274839039
280.7,1.270682882
280.8,1.266491888
280.9,1.262266173
281,1.258005852
281.1,1.253711042
281.2,1.249381861
281.3,1.245018428
281.4,1.240620861
281.5,1.236189283
281.6,1.231723814
281.7,1.227224576
281.8,1.222691694
281.9,1.21812529
282,1.213525492
282.1,1.208892423
282.2,1.204226213
282.3,1.199526988
282.4,1.194794877
282.5,1.19003001
282.6,1.185232519
282.7,1.180402533
282.8,1.175540186
282.9,1.170645611
283,1.165718942
283.1,1.160760315
283.2,1.155769864
283.3,1.150747728
283.4,1.145694043
283.5,1.140608948
283.6,1.135492583
283.7,1.130345088
283.8,1.125166604
283.9,1.119957273
284,1.114717238
284.1,1.109446642
284.2,1.104145631
284.3,1.098814348
284.4,1.093452941
284.5,1.088061557
284.6,1.082640342
284.7,1.077189447
284.8,1.071709019
284.9,1.066199211
285,1.060660172
285.1,1.055092054
285.2,1.049495011
285.3,1.043869195
285.4,1.038214761
285.5,1.032531864
285.6,1.026820659
285.7,1.021081303
285.8,1.015313955
285.9,1.00951877
286,1.00369591
286.1,0.997845532
286.2,0.991967798
286.3,0.986062869
286.4,0.980130906
286.5,0.974172072
286.6,0.968186532
286.7,0.962174447
286.8,0.956135985
286.9,0.950071309
287,0.943980587
287.1,0.937863985
287.2,0.93172167
287.3,0.925553813
287.4,0.91936058
287.5,0.913142144
287.6,0.906898672
287.7,0.900630338
287.8,0.894337312
287.9,0.888019768
288,0.881677878
288.1,0.875311817
288.2,0.868921759
288.3,0.862507878
288.4,0.856070352
288.5,0.849609355
288.6,0.843125067
288.7,0.836617663
288.8,0.830087324
288.9,0.823534227
289,0.816958553
289.1,0.810360481
289.2,0.803740192
289.3,0.797097869
289.4,0.790433693
289.5,0.783747847
289.6,0.777040514
289.7,0.770311878
289.8,0.763562124
289.9,0.756791436
290,0.75
290.1,0.743188003
290.2,0.73635563
290.3,0.729503071
290.4,0.722630511
290.5,0.71573814
290.6,0.708826147
290.7,0.701894721
290.8,0.694944053
290.9,0.687974332
291,0.68098575
291.1,0.673978498
291.2,0.666952769
291.3,0.659908755
291.4,0.652846649
291.5,0.645766645
291.6,0.638668937
291.7,0.63155372
291.8,0.624421188
291.9,0.617271538
292,0.610104965
292.1,0.602921665
292.2,0.595721836
292.3,0.588505675
292.4,0.58127338
292.5,0.574025149
292.6,0.56676118
292.7,0.559481674
292.8,0.552186829
292.9,0.544876846
293,0.537551924
293.1,0.530212266
293.2,0.522858071
293.3,0.515489542
293.4,0.50810688
293.5,0.500710289
293.6,0.49329997
293.7,0.485876127
293.8,0.478438964
293.9,0.470988684
294,0.463525492
294.1,0.456049591
294.2,0.448561188
294.3,0.441060488
294.4,0.433547695
294.5,0.426023017
294.6,0.418486659
294.7,0.410938828
294.8,0.403379731
294.9,0.395809575
295,0.388228568
295.1,0.380636917
295.2,0.373034831
295.3,0.365422518
295.4,0.357800186
295.5,0.350168046
295.6,0.342526305
295.7,0.334875174
295.8,0.327214862
295.9,0.319545579
296,0.311867536
296.1,0.304180943
296.2,0.296486011
296.3,0.28878295
296.4,0.281071972
296.5,0.273353288
296.6,0.26562711
296.7,0.25789365
296.8,0.25015312
296.9,0.242405732
297,0.234651698
297.1,0.22689123
297.2,0.219124543
297.3,0.211351848
297.4,0.203573359
297.5,0.195789288
297.6,0.18799985
297.7,0.180205258
297.8,0.172405726
297.9,0.164601467
298,0.156792695
298.1,0.148979625
298.2,0.14116247
298.3,0.133341445
298.4,0.125516765
298.5,0.117688644
298.6,0.109857296
298.7,0.102022936
298.8,0.094185779
298.9,0.08634604
299,0.078503934
299.1,0.070659676
299.2,0.062813481
299.3,0.054965563
299.4,0.047116139
299.5,0.039265422
299.6,0.03141363
299.7,0.023560976
299.8,0.015707676
299.9,0.007853946
300,8.27E-16
300.1,-0.007853946
300.2,-0.015707676
300.3,-0.023560976
300.4,-0.03141363
300.5,-0.039265422
300.6,-0.047116139
300.7,-0.054965563
300.8,-0.062813481
300.9,-0.070659676
301,-0.078503934
301.1,-0.08634604
301.2,-0.094185779
301.3,-0.102022936
301.4,-0.109857296
301.5,-0.117688644
301.6,-0.125516765
301.7,-0.133341445
301.8,-0.14116247
301.9,-0.148979625
302,-0.156792695
302.1,-0.164601467
302.2,-0.172405726
302.3,-0.180205258
302.4,-0.18799985
302.5,-0.195789288
302.6,-0.203573359
302.7,-0.211351848
302.8,-0.219124543
302.9,-0.22689123
303,-0.234651698
303.1,-0.242405732
303.2,-0.25015312
303.3,-0.25789365
303.4,-0.26562711
303.5,-0.273353288
303.6,-0.281071972
303.7,-0.28878295
303.8,-0.296486011
303.9,-0.304180943
304,-0.311867536
304.1,-0.319545579
304.2,-0.327214862
304.3,-0.334875174
304.4,-0.342526305
304.5,-0.350168046
304.6,-0.357800186
304.7,-0.365422518
304.8,-0.373034831
304.9,-0.380636917
305,-0.388228568
305.1,-0.395809575
305.2,-0.403379731
305.3,-0.410938828
305.4,-0.418486659
305.5,-0.426023017
305.6,-0.433547695
305.7,-0.441060488
305.8,-0.448561188
305.9,-0.456049591
306,-0.463525492
306.1,-0.470988684
306.2,-0.478438964
306.3,-0.485876127
306.4,-0.49329997
306.5,-0.500710289
306.6,-0.50810688
306.7,-0.515489542
306.8,-0.522858071
306.9,-0.530212266
307,-0.537551924
307.1,-0.544876846
307.2,-0.552186829
307.3,-0.559481674
307.4,-0.56676118
307.5,-0.574025149
307.6,-0.58127338
307.7,-0.588505675
307.8,-0.595721836
307.9,-0.602921665
308,-0.610104965
308.1,-0.617271538
308.2,-0.624421188
308.3,-0.63155372
308.4,-0.638668937
308.5,-0.645766645
308.6,-0.652846649
308.7,-0.659908755
308.8,-0.666952769
308.9,-0.673978498
309,-0.68098575
309.1,-0.687974332
309.2,-0.694944053
309.3,-0.701894721
309.4,-0.708826147
309.5,-0.71573814
309.6,-0.722630511
309.7,-0.729503071
309.8,-0.73635563
309.9,-0.743188003
310,-0.75
310.1,-0.756791436
310.2,-0.763562124
310.3,-0.770311878
310.4,-0.777040514
310.5,-0.783747847
310.6,-0.790433693
310.7,-0.797097869
310.8,-0.803740192
310.9,-0.810360481
311,-0.816958553
311.1,-0.823534227
311.2,-0.830087324
311.3,-0.836617663
311.4,-0.843125067
311.5,-0.849609355
311.6,-0.856070352
311.7,-0.862507878
311.8,-0.868921759
311.9,-0.875311817
312,-0.881677878
312.1,-0.888019768
312.2,-0.894337312
312.3,-0.900630338
312.4,-0.906898672
312.5,-0.913142144
312.6,-0.91936058
312.7,-0.925553813
312.8,-0.93172167
312.9,-0.937863985
313,-0.943980587
313.1,-0.950071309
313.2,-0.956135985
313.3,-0.962174447
313.4,-0.968186532
313.5,-0.974172072
313.6,-0.980130906
313.7,-0.986062869
313.8,-0.991967798
313.9,-0.997845532
314,-1.00369591
314.1,-1.00951877
314.2,-1.015313955
314.3,-1.021081303
314.4,-1.026820659
314.5,-1.032531864
314.6,-1.038214761
314.7,-1.043869195
314.8,-1.049495011
314.9,-1.055092054
315,-1.060660172
315.1,-1.066199211
315.2,-1.071709019
315.3,-1.077189447
315.4,-1.082640342
315.5,-1.088061557
315.6,-1.093452941
315.7,-1.098814348
315.8,-1.104145631
315.9,-1.109446642
316,-1.114717238
316.1,-1.119957273
316.2,-1.125166604
316.3,-1.130345088
316.4,-1.135492583
316.5,-1.140608948
316.6,-1.145694043
316.7,-1.150747728
316.8,-1.155769864
316.9,-1.160760315
317,-1.165718942
317.1,-1.170645611
317.2,-1.175540186
317.3,-1.180402533
317.4,-1.185232519
317.5,-1.19003001
317.6,-1.194794877
317.7,-1.199526988
317.8,-1.204226213
317.9,-1.208892423
318,-1.213525492
318.1,-1.21812529
318.2,-1.222691694
318.3,-1.227224576
318.4,-1.231723814
318.5,-1.236189283
318.6,-1.240620861
318.7,-1.245018428
318.8,-1.249381861
318.9,-1.253711042
319,-1.258005852
319.1,-1.262266173
319.2,-1.266491888
319.3,-1.270682882
319.4,-1.274839039
319.5,-1.278960247
319.6,-1.28304639
319.7,-1.287097359
319.8,-1.291113041
319.9,-1.295093326
320,-1.299038106
320.1,-1.302947272
320.2,-1.306820717
320.3,-1.310658335
320.4,-1.31446002
320.5,-1.318225669
320.6,-1.321955178
320.7,-1.325648445
320.8,-1.329305369
320.9,-1.332925849
321,-1.336509786
321.1,-1.340057082
321.2,-1.34356764
321.3,-1.347041364
321.4,-1.350478157
321.5,-1.353877927
321.6,-1.357240579
321.7,-1.360566021
321.8,-1.363854164
321.9,-1.367104915
322,-1.370318186
322.1,-1.37349389
322.2,-1.376631939
322.3,-1.379732246
322.4,-1.382794727
322.5,-1.385819299
322.6,-1.388805877
322.7,-1.391754381
322.8,-1.394664729
322.9,-1.397536841
323,-1.40037064
323.1,-1.403166046
323.2,-1.405922984
323.3,-1.408641378
323.4,-1.411321153
323.5,-1.413962237
323.6,-1.416564555
323.7,-1.419128038
323.8,-1.421652615
323.9,-1.424138216
324,-1.426584774
324.1,-1.428992222
324.2,-1.431360493
324.3,-1.433689522
324.4,-1.435979246
324.5,-1.438229602
324.6,-1.440440529
324.7,-1.442611964
324.8,-1.44474385
324.9,-1.446836128
325,-1.448888739
325.1,-1.450901629
325.2,-1.452874742
325.3,-1.454808023
325.4,-1.45670142
325.5,-1.458554881
325.6,-1.460368354
325.7,-1.462141791
325.8,-1.463875143
325.9,-1.465568362
326,-1.467221401
326.1,-1.468834216
326.2,-1.470406762
326.3,-1.471938996
326.4,-1.473430876
326.5,-1.474882361
326.6,-1.476293412
326.7,-1.477663989
326.8,-1.478994056
326.9,-1.480283575
327,-1.481532511
327.1,-1.48274083
327.2,-1.483908499
327.3,-1.485035487
327.4,-1.486121761
327.5,-1.487167292
327.6,-1.488172052
327.7,-1.489136013
327.8,-1.490059148
327.9,-1.490941433
328,-1.491782843
328.1,-1.492583355
328.2,-1.493342947
328.3,-1.494061598
328.4,-1.494739289
328.5,-1.495376001
328.6,-1.495971716
328.7,-1.496526418
328.8,-1.497040093
328.9,-1.497512725
329,-1.497944302
329.1,-1.498334812
329.2,-1.498684245
329.3,-1.498992591
329.4,-1.499259841
329.5,-1.499485987
329.6,-1.499671025
329.7,-1.499814949
329.8,-1.499917754
329.9,-1.499979438
330,-1.5
330.1,-1.499979438
330.2,-1.499917754
330.3,-1.499814949
330.4,-1.499671025
330.5,-1.499485987
330.6,-1.499259841
330.7,-1.498992591
330.8,-1.498684245
330.9,-1.498334812
331,-1.497944302
331.1,-1.497512725
331.2,-1.497040093
331.3,-1.496526418
331.4,-1.495971716
331.5,-1.495376001
331.6,-1.494739289
331.7,-1.494061598
331.8,-1.493342947
331.9,-1.492583355
332,-1.491782843
332.1,-1.490941433
332.2,-1.490059148
332.3,-1.489136013
332.4,-1.488172052
332.5,-1.487167292
332.6,-1.486121761
332.7,-1.485035487
332.8,-1.483908499
332.9,-1.48274083
333,-1.481532511
333.1,-1.480283575
333.2,-1.478994056
333.3,-1.477663989
333.4,-1.476293412
333.5,-1.474882361
333.6,-1.473430876
333.7,-1.471938996
333.8,-1.470406762
333.9,-1.468834216
334,-1.467221401
334.1,-1.465568362
334.2,-1.463875143
334.3,-1.462141791
334.4,-1.460368354
334.5,-1.458554881
334.6,-1.45670142
334.7,-1.454808023
334.8,-1.452874742
334.9,-1.450901629
335,-1.448888739
335.1,-1.446836128
335.2,-1.44474385
335.3,-1.442611964
335.4,-1.440440529
335.5,-1.438229602
335.6,-1.435979246
335.7,-1.433689522
335.8,-1.431360493
335.9,-1.428992222
336,-1.426584774
336.1,-1.424138216
336.2,-1.421652615
336.3,-1.419128038
336.4,-1.416564555
336.5,-1.413962237
336.6,-1.411321153
336.7,-1.408641378
336.8,-1.405922984
336.9,-1.403166046
337,-1.40037064
337.1,-1.397536841
337.2,-1.394664729
337.3,-1.391754381
337.4,-1.388805877
337.5,-1.385819299
337.6,-1.382794727
337.7,-1.379732246
337.8,-1.376631939
337.9,-1.37349389
338,-1.370318186
338.1,-1.367104915
338.2,-1.363854164
338.3,-1.360566021
338.4,-1.357240579
338.5,-1.353877927
338.6,-1.350478157
338.7,-1.347041364
338.8,-1.34356764
338.9,-1.340057082
339,-1.336509786
339.1,-1.332925849
339.2,-1.329305369
339.3,-1.325648445
339.4,-1.321955178
339.5,-1.318225669
339.6,-1.31446002
339.7,-1.310658335
339.8,-1.306820717
339.9,-1.302947272
340,-1.299038106
340.1,-1.295093326
340.2,-1.291113041
340.3,-1.287097359
340.4,-1.28304639
340.5,-1.278960247
340.6,-1.274839039
340.7,-1.270682882
340.8,-1.266491888
340.9,-1.262266173
341,-1.258005852
341.1,-1.253711042
341.2,-1.249381861
341.3,-1.245018428
341.4,-1.240620861
341.5,-1.236189283
341.6,-1.231723814
341.7,-1.227224576
341.8,-1.222691694
341.9,-1.21812529
342,-1.213525492
342.1,-1.208892423
342.2,-1.204226213
342.3,-1.199526988
342.4,-1.194794877
342.5,-1.19003001
342.6,-1.185232519
342.7,-1.180402533
342.8,-1.175540186
342.9,-1.170645611
343,-1.165718942
343.1,-1.160760315
343.2,-1.155769864
343.3,-1.150747728
343.4,-1.145694043
343.5,-1.140608948
343.6,-1.135492583
343.7,-1.130345088
343.8,-1.125166604
343.9,-1.119957273
344,-1.114717238
344.1,-1.109446642
344.2,-1.104145631
344.3,-1.098814348
344.4,-1.093452941
344.5,-1.088061557
344.6,-1.082640342
344.7,-1.077189447
344.8,-1.071709019
344.9,-1.066199211
345,-1.060660172
345.1,-1.055092054
345.2,-1.049495011
345.3,-1.043869195
345.4,-1.038214761
345.5,-1.032531864
345.6,-1.026820659
345.7,-1.021081303
345.8,-1.015313955
345.9,-1.00951877
346,-1.00369591
346.1,-0.997845532
346.2,-0.991967798
346.3,-0.986062869
346.4,-0.980130906
346.5,-0.974172072
346.6,-0.968186532
346.7,-0.962174447
346.8,-0.956135985
346.9,-0.950071309
347,-0.943980587
347.1,-0.937863985
347.2,-0.93172167
347.3,-0.925553813
347.4,-0.91936058
347.5,-0.913142144
347.6,-0.906898672
347.7,-0.900630338
347.8,-0.894337312
347.9,-0.888019768
348,-0.881677878
348.1,-0.875311817
348.2,-0.868921759
348.3,-0.862507878
348.4,-0.856070352
348.5,-0.849609355
348.6,-0.843125067
348.7,-0.836617663
348.8,-0.830087324
348.9,-0.823534227
349,-0.816958553
349.1,-0.810360481
349.2,-0.803740192
349.3,-0.797097869
349.4,-0.790433693
349.5,-0.783747847
349.6,-0.777040514
349.7,-0.770311878
349.8,-0.763562124
349.9,-0.756791436
350,-0.75
350.1,-0.743188003
350.2,-0.73635563
350.3,-0.729503071
350.4,-0.722630511
350.5,-0.71573814
350.6,-0.708826147
350.7,-0.701894721
350.8,-0.694944053
350.9,-0.687974332
351,-0.68098575
351.1,-0.673978498
351.2,-0.666952769
351.3,-0.659908755
351.4,-0.652846649
351.5,-0.645766645
351.6,-0.638668937
351.7,-0.63155372
351.8,-0.624421188
351.9,-0.617271538
352,-0.610104965
352.1,-0.602921665
352.2,-0.595721836
352.3,-0.588505675
352.4,-0.58127338
352.5,-0.574025149
352.6,-0.56676118
352.7,-0.559481674
352.8,-0.552186829
352.9,-0.544876846
353,-0.537551924
353.1,-0.530212266
353.2,-0.522858071
353.3,-0.515489542
353.4,-0.50810688
353.5,-0.500710289
353.6,-0.49329997
353.7,-0.485876127
353.8,-0.478438964
353.9,-0.470988684
354,-0.463525492
354.1,-0.456049591
354.2,-0.448561188
354.3,-0.441060488
354.4,-0.433547695
354.5,-0.426023017
354.6,-0.418486659
354.7,-0.410938828
354.8,-0.403379731
354.9,-0.395809575
355,-0.388228568
355.1,-0.380636917
355.2,-0.373034831
355.3,-0.365422518
355.4,-0.357800186
355.5,-0.350168046
355.6,-0.342526305
355.7,-0.334875174
355.8,-0.327214862
355.9,-0.319545579
356,-0.311867536
356.1,-0.304180943
356.2,-0.296486011
356.3,-0.28878295
356.4,-0.281071972
356.5,-0.273353288
356.6,-0.26562711
356.7,-0.25789365
356.8,-0.25015312
356.9,-0.242405732
357,-0.234651698
357.1,-0.22689123
357.2,-0.219124543
357.3,-0.211351848
357.4,-0.203573359
357.5,-0.195789288
357.6,-0.18799985
357.7,-0.180205258
357.8,-0.172405726
357.9,-0.164601467
358,-0.156792695
358.1,-0.148979625
358.2,-0.14116247
358.3,-0.133341445
358.4,-0.125516765
358.5,-0.117688644
358.6,-0.109857296
358.7,-0.102022936
358.8,-0.094185779
358.9,-0.08634604
359,-0.078503934
359.1,-0.070659676
359.2,-0.062813481
359.3,-0.054965563
359.4,-0.047116139
359.5,-0.039265422
359.6,-0.03141363
359.7,-0.023560976
359.8,-0.015707676
359.9,-0.007853946
360,-3.67E-15
360.1,0.007853946
360.2,0.015707676
360.3,0.023560976
360.4,0.03141363
360.5,0.039265422
360.6,0.047116139
360.7,0.054965563
360.8,0.062813481
360.9,0.070659676
361,0.078503934
361.1,0.08634604
361.2,0.094185779
361.3,0.102022936
361.4,0.109857296
361.5,0.117688644
361.6,0.125516765
361.7,0.133341445
361.8,0.14116247
361.9,0.148979625
362,0.156792695
362.1,0.164601467
362.2,0.172405726
362.3,0.180205258
362.4,0.18799985
362.5,0.195789288
362.6,0.203573359
362.7,0.211351848
362.8,0.219124543
362.9,0.22689123
363,0.234651698
363.1,0.242405732
363.2,0.25015312
363.3,0.25789365
363.4,0.26562711
363.5,0.273353288
363.6,0.281071972
363.7,0.28878295
363.8,0.296486011
363.9,0.304180943
364,0.311867536
364.1,0.319545579
364.2,0.327214862
364.3,0.334875174
364.4,0.342526305
364.5,0.350168046
364.6,0.357800186
364.7,0.365422518
364.8,0.373034831
364.9,0.380636917
365,0.388228568
365.1,0.395809575
365.2,0.403379731
365.3,0.410938828
365.4,0.418486659
365.5,0.426023017
365.6,0.433547695
365.7,0.441060488
365.8,0.448561188
365.9,0.456049591
366,0.463525492
366.1,0.470988684
366.2,0.478438964
366.3,0.485876127
366.4,0.49329997
366.5,0.500710289
366.6,0.50810688
366.7,0.515489542
366.8,0.522858071
366.9,0.530212266
367,0.537551924
367.1,0.544876846
367.2,0.552186829
367.3,0.559481674
367.4,0.56676118
367.5,0.574025149
367.6,0.58127338
367.7,0.588505675
367.8,0.595721836
367.9,0.602921665
368,0.610104965
368.1,0.617271538
368.2,0.624421188
368.3,0.63155372
368.4,0.638668937
368.5,0.645766645
368.6,0.652846649
368.7,0.659908755
368.8,0.666952769
368.9,0.673978498
369,0.68098575
369.1,0.687974332
369.2,0.694944053
369.3,0.701894721
369.4,0.708826147
369.5,0.71573814
369.6,0.722630511
369.7,0.729503071
369.8,0.73635563
369.9,0.743188003
370,0.75
370.1,0.756791436
370.2,0.763562124
370.3,0.770311878
370.4,0.777040514
370.5,0.783747847
370.6,0.790433693
370.7,0.797097869
370.8,0.803740192
370.9,0.810360481
371,0.816958553
371.1,0.823534227
371.2,0.830087324
371.3,0.836617663
371.4,0.843125067
371.5,0.849609355
371.6,0.856070352
371.7,0.862507878
371.8,0.868921759
371.9,0.875311817
372,0.881677878
372.1,0.888019768
372.2,0.894337312
372.3,0.900630338
372.4,0.906898672
372.5,0.913142144
372.6,0.91936058
372.7,0.925553813
372.8,0.93172167
372.9,0.937863985
373,0.943980587
373.1,0.950071309
373.2,0.956135985
373.3,0.962174447
373.4,0.968186532
373.5,0.974172072
373.6,0.980130906
373.7,0.986062869
373.8,0.991967798
373.9,0.997845532
374,1.00369591
374.1,1.00951877
374.2,1.015313955
374.3,1.021081303
374.4,1.026820659
374.5,1.032531864
374.6,1.038214761
374.7,1.043869195
374.8,1.049495011
374.9,1.055092054
375,1.060660172
375.1,1.066199211
375.2,1.071709019
375.3,1.077189447
375.4,1.082640342
375.5,1.088061557
375.6,1.093452941
375.7,1.098814348
375.8,1.104145631
375.9,1.109446642
376,1.114717238
376.1,1.119957273
376.2,1.125166604
376.3,1.130345088
376.4,1.135492583
376.5,1.140608948
376.6,1.145694043
376.7,1.150747728
376.8,1.155769864
376.9,1.160760315
377,1.165718942
377.1,1.170645611
377.2,1.175540186
377.3,1.180402533
377.4,1.185232519
377.5,1.19003001
377.6,1.194794877
377.7,1.199526988
377.8,1.204226213
377.9,1.208892423
378,1.213525492
378.1,1.21812529
378.2,1.222691694
378.3,1.227224576
378.4,1.231723814
378.5,1.236189283
378.6,1.240620861
378.7,1.245018428
378.8,1.249381861
378.9,1.253711042
379,1.258005852
379.1,1.262266173
379.2,1.266491888
379.3,1.270682882
379.4,1.274839039
379.5,1.278960247
379.6,1.28304639
379.7,1.287097359
379.8,1.291113041
379.9,1.295093326
380,1.299038106
380.1,1.302947272
380.2,1.306820717
380.3,1.310658335
380.4,1.31446002
380.5,1.318225669
380.6,1.321955178
380.7,1.325648445
380.8,1.329305369
380.9,1.332925849
381,1.336509786
381.1,1.340057082
381.2,1.34356764
381.3,1.347041364
381.4,1.350478157
381.5,1.353877927
381.6,1.357240579
381.7,1.360566021
381.8,1.363854164
381.9,1.367104915
382,1.370318186
382.1,1.37349389
382.2,1.376631939
382.3,1.379732246
382.4,1.382794727
382.5,1.385819299
382.6,1.388805877
382.7,1.391754381
382.8,1.394664729
382.9,1.397536841
383,1.40037064
383.1,1.403166046
383.2,1.405922984
383.3,1.408641378
383.4,1.411321153
383.5,1.413962237
383.6,1.416564555
383.7,1.419128038
383.8,1.421652615
383.9,1.424138216
384,1.426584774
384.1,1.428992222
384.2,1.431360493
384.3,1.433689522
384.4,1.435979246
384.5,1.438229602
384.6,1.440440529
384.7,1.442611964
384.8,1.44474385
384.9,1.446836128
385,1.448888739
385.1,1.450901629
385.2,1.452874742
385.3,1.454808023
385.4,1.45670142
385.5,1.458554881
385.6,1.460368354
385.7,1.462141791
385.8,1.463875143
385.9,1.465568362
386,1.467221401
386.1,1.468834216
386.2,1.470406762
386.3,1.471938996
386.4,1.473430876
386.5,1.474882361
386.6,1.476293412
386.7,1.477663989
386.8,1.478994056
386.9,1.480283575
387,1.481532511
387.1,1.48274083
387.2,1.483908499
387.3,1.485035487
387.4,1.486121761
387.5,1.487167292
387.6,1.488172052
387.7,1.489136013
387.8,1.490059148
387.9,1.490941433
388,1.491782843
388.1,1.492583355
388.2,1.493342947
388.3,1.494061598
388.4,1.494739289
388.5,1.495376001
388.6,1.495971716
388.7,1.496526418
388.8,1.497040093
388.9,1.497512725
389,1.497944302
389.1,1.498334812
389.2,1.498684245
389.3,1.498992591
389.4,1.499259841
389.5,1.499485987
389.6,1.499671025
389.7,1.499814949
389.8,1.499917754
389.9,1.499979438
390,1.5
390.1,1.499979438
390.2,1.499917754
390.3,1.499814949
390.4,1.499671025
390.5,1.499485987
390.6,1.499259841
390.7,1.498992591
390.8,1.498684245
390.9,1.498334812
391,1.497944302
391.1,1.497512725
391.2,1.497040093
391.3,1.496526418
391.4,1.495971716
391.5,1.495376001
391.6,1.494739289
391.7,1.494061598
391.8,1.493342947
391.9,1.492583355
392,1.491782843
392.1,1.490941433
392.2,1.490059148
392.3,1.489136013
392.4,1.488172052
392.5,1.487167292
392.6,1.486121761
392.7,1.485035487
392.8,1.483908499
392.9,1.48274083
393,1.481532511
393.1,1.480283575
393.2,1.478994056
393.3,1.477663989
393.4,1.476293412
393.5,1.474882361
393.6,1.473430876
393.7,1.471938996
393.8,1.470406762
393.9,1.468834216
394,1.467221401
394.1,1.465568362
394.2,1.463875143
394.3,1.462141791
394.4,1.460368354
394.5,1.458554881
394.6,1.45670142
394.7,1.454808023
394.8,1.452874742
394.9,1.450901629
395,1.448888739
395.1,1.446836128
395.2,1.44474385
395.3,1.442611964
395.4,1.440440529
395.5,1.438229602
395.6,1.435979246
395.7,1.433689522
395.8,1.431360493
395.9,1.428992222
396,1.426584774
396.1,1.424138216
396.2,1.421652615
396.3,1.419128038
396.4,1.416564555
396.5,1.413962237
396.6,1.411321153
396.7,1.408641378
396.8,1.405922984
396.9,1.403166046
397,1.40037064
397.1,1.397536841
397.2,1.394664729
397.3,1.391754381
397.4,1.388805877
397.5,1.385819299
397.6,1.382794727
397.7,1.379732246
397.8,1.376631939
397.9,1.37349389
398,1.370318186
398.1,1.367104915
398.2,1.363854164
398.3,1.360566021
398.4,1.357240579
398.5,1.353877927
398.6,1.350478157
398.7,1.347041364
398.8,1.34356764
398.9,1.340057082
399,1.336509786
399.1,1.332925849
399.2,1.329305369
399.3,1.325648445
399.4,1.321955178
399.5,1.318225669
399.6,1.31446002
399.7,1.310658335
399.8,1.306820717
399.9,1.302947272
400,1.299038106
400.1,1.295093326
400.2,1.291113041
400.3,1.287097359
400.4,1.28304639
400.5,1.278960247
400.6,1.274839039
400.7,1.270682882
400.8,1.266491888
400.9,1.262266173
401,1.258005852
401.1,1.253711042
401.2,1.249381861
401.3,1.245018428
401.4,1.240620861
401.5,1.236189283
401.6,1.231723814
401.7,1.227224576
401.8,1.222691694
401.9,1.21812529
402,1.213525492
402.1,1.208892423
402.2,1.204226213
402.3,1.199526988
402.4,1.194794877
402.5,1.19003001
402.6,1.185232519
402.7,1.180402533
402.8,1.175540186
402.9,1.170645611
403,1.165718942
403.1,1.160760315
403.2,1.155769864
403.3,1.150747728
403.4,1.145694043
403.5,1.140608948
403.6,1.135492583
403.7,1.130345088
403.8,1.125166604
403.9,1.119957273
404,1.114717238
404.1,1.109446642
404.2,1.104145631
404.3,1.098814348
404.4,1.093452941
404.5,1.088061557
404.6,1.082640342
404.7,1.077189447
404.8,1.071709019
404.9,1.066199211
405,1.060660172
405.1,1.055092054
405.2,1.049495011
405.3,1.043869195
405.4,1.038214761
405.5,1.032531864
405.6,1.026820659
405.7,1.021081303
405.8,1.015313955
405.9,1.00951877
406,1.00369591
406.1,0.997845532
406.2,0.991967798
406.3,0.986062869
406.4,0.980130906
406.5,0.974172072
406.6,0.968186532
406.7,0.962174447
406.8,0.956135985
406.9,0.950071309
407,0.943980587
407.1,0.937863985
407.2,0.93172167
407.3,0.925553813
407.4,0.91936058
407.5,0.913142144
407.6,0.906898672
407.7,0.900630338
407.8,0.894337312
407.9,0.888019768
408,0.881677878
408.1,0.875311817
408.2,0.868921759
408.3,0.862507878
408.4,0.856070352
408.5,0.849609355
408.6,0.843125067
408.7,0.836617663
408.8,0.830087324
408.9,0.823534227
409,0.816958553
409.1,0.810360481
409.2,0.803740192
409.3,0.797097869
409.4,0.790433693
409.5,0.783747847
409.6,0.777040514
409.7,0.770311878
409.8,0.763562124
409.9,0.756791436
410,0.75
410.1,0.743188003
410.2,0.73635563
410.3,0.729503071
410.4,0.722630511
410.5,0.71573814
410.6,0.708826147
410.7,0.701894721
410.8,0.694944053
410.9,0.687974332
411,0.68098575
411.1,0.673978498
411.2,0.666952769
411.3,0.659908755
411.4,0.652846649
411.5,0.645766645
411.6,0.638668937
411.7,0.63155372
411.8,0.624421188
411.9,0.617271538
412,0.610104965
412.1,0.602921665
412.2,0.595721836
412.3,0.588505675
412.4,0.58127338
412.5,0.574025149
412.6,0.56676118
412.7,0.559481674
412.8,0.552186829
412.9,0.544876846
413,0.537551924
413.1,0.530212266
413.2,0.522858071
413.3,0.515489542
413.4,0.50810688
413.5,0.500710289
413.6,0.49329997
413.7,0.485876127
413.8,0.478438964
413.9,0.470988684
414,0.463525492
414.1,0.456049591
414.2,0.448561188
414.3,0.441060488
414.4,0.433547695
414.5,0.426023017
414.6,0.418486659
414.7,0.410938828
414.8,0.403379731
414.9,0.395809575
415,0.388228568
415.1,0.380636917
415.2,0.373034831
415.3,0.365422518
415.4,0.357800186
415.5,0.350168046
415.6,0.342526305
415.7,0.334875174
415.8,0.327214862
415.9,0.319545579
416,0.311867536
416.1,0.304180943
416.2,0.296486011
416.3,0.28878295
416.4,0.281071972
416.5,0.273353288
416.6,0.26562711
416.7,0.25789365
416.8,0.25015312
416.9,0.242405732
417,0.234651698
417.1,0.22689123
417.2,0.219124543
417.3,0.211351848
417.4,0.203573359
417.5,0.195789288
417.6,0.18799985
417.7,0.180205258
417.8,0.172405726
417.9,0.164601467
418,0.156792695
418.1,0.148979625
418.2,0.14116247
418.3,0.133341445
418.4,0.125516765
418.5,0.117688644
418.6,0.109857296
418.7,0.102022936
418.8,0.094185779
418.9,0.08634604
419,0.078503934
419.1,0.070659676
419.2,0.062813481
419.3,0.054965563
419.4,0.047116139
419.5,0.039265422
419.6,0.03141363
419.7,0.023560976
419.8,0.015707676
419.9,0.007853946
420,3.86E-15
420.1,-0.007853946
420.2,-0.015707676
420.3,-0.023560976
420.4,-0.03141363
420.5,-0.039265422
420.6,-0.047116139
420.7,-0.054965563
420.8,-0.062813481
420.9,-0.070659676
421,-0.078503934
421.1,-0.08634604
421.2,-0.094185779
421.3,-0.102022936
421.4,-0.109857296
421.5,-0.117688644
421.6,-0.125516765
421.7,-0.133341445
421.8,-0.14116247
421.9,-0.148979625
422,-0.156792695
422.1,-0.164601467
422.2,-0.172405726
422.3,-0.180205258
422.4,-0.18799985
422.5,-0.195789288
422.6,-0.203573359
422.7,-0.211351848
422.8,-0.219124543
422.9,-0.22689123
423,-0.234651698
423.1,-0.242405732
423.2,-0.25015312
423.3,-0.25789365
423.4,-0.26562711
423.5,-0.273353288
423.6,-0.281071972
423.7,-0.28878295
423.8,-0.296486011
423.9,-0.304180943
424,-0.311867536
424.1,-0.319545579
424.2,-0.327214862
424.3,-0.334875174
424.4,-0.342526305
424.5,-0.350168046
424.6,-0.357800186
424.7,-0.365422518
424.8,-0.373034831
424.9,-0.380636917
425,-0.388228568
425.1,-0.395809575
425.2,-0.403379731
425.3,-0.410938828
425.4,-0.418486659
425.5,-0.426023017
425.6,-0.433547695
425.7,-0.441060488
425.8,-0.448561188
425.9,-0.456049591
426,-0.463525492
426.1,-0.470988684
426.2,-0.478438964
426.3,-0.485876127
426.4,-0.49329997
426.5,-0.500710289
426.6,-0.50810688
426.7,-0.515489542
426.8,-0.522858071
426.9,-0.530212266
427,-0.537551924
427.1,-0.544876846
427.2,-0.552186829
427.3,-0.559481674
427.4,-0.56676118
427.5,-0.574025149
427.6,-0.58127338
427.7,-0.588505675
427.8,-0.595721836
427.9,-0.602921665
428,-0.610104965
428.1,-0.617271538
428.2,-0.624421188
428.3,-0.63155372
428.4,-0.638668937
428.5,-0.645766645
428.6,-0.652846649
428.7,-0.659908755
428.8,-0.666952769
428.9,-0.673978498
429,-0.68098575
429.1,-0.687974332
429.2,-0.694944053
429.3,-0.701894721
429.4,-0.708826147
429.5,-0.71573814
429.6,-0.722630511
429.7,-0.729503071
429.8,-0.73635563
429.9,-0.743188003
430,-0.75
430.1,-0.756791436
430.2,-0.763562124
430.3,-0.770311878
430.4,-0.777040514
430.5,-0.783747847
430.6,-0.790433693
430.7,-0.797097869
430.8,-0.803740192
430.9,-0.810360481
431,-0.816958553
431.1,-0.823534227
431.2,-0.830087324
431.3,-0.836617663
431.4,-0.843125067
431.5,-0.849609355
431.6,-0.856070352
431.7,-0.862507878
431.8,-0.868921759
431.9,-0.875311817
432,-0.881677878
432.1,-0.888019768
432.2,-0.894337312
432.3,-0.900630338
432.4,-0.906898672
432.5,-0.913142144
432.6,-0.91936058
432.7,-0.925553813
432.8,-0.93172167
432.9,-0.937863985
433,-0.943980587
433.1,-0.950071309
433.2,-0.956135985
433.3,-0.962174447
433.4,-0.968186532
433.5,-0.974172072
433.6,-0.980130906
433.7,-0.986062869
433.8,-0.991967798
433.9,-0.997845532
434,-1.00369591
434.1,-1.00951877
434.2,-1.015313955
434.3,-1.021081303
434.4,-1.026820659
434.5,-1.032531864
434.6,-1.038214761
434.7,-1.043869195
434.8,-1.049495011
434.9,-1.055092054
435,-1.060660172
435.1,-1.066199211
435.2,-1.071709019
435.3,-1.077189447
435.4,-1.082640342
435.5,-1.088061557
435.6,-1.093452941
435.7,-1.098814348
435.8,-1.104145631
435.9,-1.109446642
436,-1.114717238
436.1,-1.119957273
436.2,-1.125166604
436.3,-1.130345088
436.4,-1.135492583
436.5,-1.140608948
436.6,-1.145694043
436.7,-1.150747728
436.8,-1.155769864
436.9,-1.160760315
437,-1.165718942
437.1,-1.170645611
437.2,-1.175540186
437.3,-1.180402533
437.4,-1.185232519
437.5,-1.19003001
437.6,-1.194794877
437.7,-1.199526988
437.8,-1.204226213
437.9,-1.208892423
438,-1.213525492
438.1,-1.21812529
438.2,-1.222691694
438.3,-1.227224576
438.4,-1.231723814
438.5,-1.236189283
438.6,-1.240620861
438.7,-1.245018428
438.8,-1.249381861
438.9,-1.253711042
439,-1.258005852
439.1,-1.262266173
439.2,-1.266491888
439.3,-1.270682882
439.4,-1.274839039
439.5,-1.278960247
439.6,-1.28304639
439.7,-1.287097359
439.8,-1.291113041
439.9,-1.295093326
440,-1.299038106
440.1,-1.302947272
440.2,-1.306820717
440.3,-1.310658335
440.4,-1.31446002
440.5,-1.318225669
440.6,-1.321955178
440.7,-1.325648445
440.8,-1.329305369
440.9,-1.332925849
441,-1.336509786
441.1,-1.340057082
441.2,-1.34356764
441.3,-1.347041364
441.4,-1.350478157
441.5,-1.353877927
441.6,-1.357240579
441.7,-1.360566021
441.8,-1.363854164
441.9,-1.367104915
442,-1.370318186
442.1,-1.37349389
442.2,-1.376631939
442.3,-1.379732246
442.4,-1.382794727
442.5,-1.385819299
442.6,-1.388805877
442.7,-1.391754381
442.8,-1.394664729
442.9,-1.397536841
443,-1.40037064
443.1,-1.403166046
443.2,-1.405922984
443.3,-1.408641378
443.4,-1.411321153
443.5,-1.413962237
443.6,-1.416564555
443.7,-1.419128038
443.8,-1.421652615
443.9,-1.424138216
444,-1.426584774
444.1,-1.428992222
444.2,-1.431360493
444.3,-1.433689522
444.4,-1.435979246
444.5,-1.438229602
444.6,-1.440440529
444.7,-1.442611964
444.8,-1.44474385
444.9,-1.446836128
445,-1.448888739
445.1,-1.450901629
445.2,-1.452874742
445.3,-1.454808023
445.4,-1.45670142
445.5,-1.458554881
445.6,-1.460368354
445.7,-1.462141791
445.8,-1.463875143
445.9,-1.465568362
446,-1.467221401
446.1,-1.468834216
446.2,-1.470406762
446.3,-1.471938996
446.4,-1.473430876
446.5,-1.474882361
446.6,-1.476293412
446.7,-1.477663989
446.8,-1.478994056
446.9,-1.480283575
447,-1.481532511
447.1,-1.48274083
447.2,-1.483908499
447.3,-1.485035487
447.4,-1.486121761
447.5,-1.487167292
447.6,-1.488172052
447.7,-1.489136013
447.8,-1.490059148
447.9,-1.490941433
448,-1.491782843
448.1,-1.492583355
448.2,-1.493342947
448.3,-1.494061598
448.4,-1.494739289
448.5,-1.495376001
448.6,-1.495971716
448.7,-1.496526418
448.8,-1.497040093
448.9,-1.497512725
449,-1.497944302
449.1,-1.498334812
449.2,-1.498684245
449.3,-1.498992591
449.4,-1.499259841
449.5,-1.499485987
449.6,-1.499671025
449.7,-1.499814949
449.8,-1.499917754
449.9,-1.499989719
450,-1.5
450.1,-1.499989719
450.2,-1.499958877
450.3,-1.499907474
450.4,-1.499835513
450.5,-1.499742994
450.6,-1.49962992
450.7,-1.499496295
450.8,-1.499342123
450.9,-1.499167406
451,-1.498972151
451.1,-1.498756362
451.2,-1.498520046
451.3,-1.498263209
451.4,-1.497985858
451.5,-1.497688
451.6,-1.497369644
451.7,-1.497030799
451.8,-1.496671473
451.9,-1.496291677
452,-1.495891422
452.1,-1.495470717
452.2,-1.495029574
452.3,-1.494568006
452.4,-1.494086026
452.5,-1.493583646
452.6,-1.49306088
452.7,-1.492517743
452.8,-1.49195425
452.9,-1.491370415
453,-1.490766255
453.1,-1.490141787
453.2,-1.489497028
453.3,-1.488831995
453.4,-1.488146706
453.5,-1.487441181
453.6,-1.486715438
453.7,-1.485969498
453.8,-1.485203381
453.9,-1.484417108
454,-1.483610701
454.1,-1.482784181
454.2,-1.481937571
454.3,-1.481070896
454.4,-1.480184177
454.5,-1.47927744
454.6,-1.47835071
454.7,-1.477404011
454.8,-1.476437371
454.9,-1.475450815
455,-1.47444437
455.1,-1.473418064
455.2,-1.472371925
455.3,-1.471305982
455.4,-1.470220264
455.5,-1.469114801
455.6,-1.467989623
455.7,-1.466844761
455.8,-1.465680246
455.9,-1.464496111
456,-1.463292387
456.1,-1.462069108
456.2,-1.460826308
456.3,-1.459564019
456.4,-1.458282278
456.5,-1.456981118
456.6,-1.455660577
456.7,-1.454320689
456.8,-1.452961492
456.9,-1.451583023
457,-1.45018532
457.1,-1.448768421
457.2,-1.447332364
457.3,-1.44587719
457.4,-1.444402939
457.5,-1.442909649
457.6,-1.441397364
457.7,-1.439866123
457.8,-1.438315969
457.9,-1.436746945
458,-1.435159093
458.1,-1.433552457
458.2,-1.431927082
458.3,-1.430283011
458.4,-1.428620289
458.5,-1.426938963
458.6,-1.425239079
458.7,-1.423520682
458.8,-1.42178382
458.9,-1.420028541
459,-1.418254893
459.1,-1.416462924
459.2,-1.414652684
459.3,-1.412824223
459.4,-1.410977589
459.5,-1.409112834
459.6,-1.40723001
459.7,-1.405329167
459.8,-1.403410358
459.9,-1.401473636
460,-1.399519053
460.1,-1.397546663
460.2,-1.39555652
460.3,-1.393548679
460.4,-1.391523195
460.5,-1.389480123
460.6,-1.38741952
460.7,-1.385341441
460.8,-1.383245944
460.9,-1.381133086
461,-1.379002926
461.1,-1.376855521
461.2,-1.374690931
461.3,-1.372509214
461.4,-1.370310431
461.5,-1.368094641
461.6,-1.365861907
461.7,-1.363612288
461.8,-1.361345847
461.9,-1.359062645
462,-1.356762746
462.1,-1.354446212
462.2,-1.352113106
462.3,-1.349763494
462.4,-1.347397439
462.5,-1.345015005
462.6,-1.342616259
462.7,-1.340201266
462.8,-1.337770093
462.9,-1.335322806
463,-1.332859471
463.1,-1.330380157
463.2,-1.327884932
463.3,-1.325373864
463.4,-1.322847021
463.5,-1.320304474
463.6,-1.317746292
463.7,-1.315172544
463.8,-1.312583302
463.9,-1.309978637
464,-1.307358619
464.1,-1.304723321
464.2,-1.302072815
464.3,-1.299407174
464.4,-1.296726471
464.5,-1.294030778
464.6,-1.291320171
464.7,-1.288594723
464.8,-1.28585451
464.9,-1.283099605
465,-1.280330086
465.1,-1.277546027
465.2,-1.274747505
465.3,-1.271934597
465.4,-1.26910738
465.5,-1.266265932
465.6,-1.263410329
465.7,-1.260540652
465.8,-1.257656977
465.9,-1.254759385
466,-1.251847955
466.1,-1.248922766
466.2,-1.245983899
466.3,-1.243031434
466.4,-1.240065453
466.5,-1.237086036
466.6,-1.234093266
466.7,-1.231087224
466.8,-1.228067992
466.9,-1.225035654
467,-1.221990293
467.1,-1.218931992
467.2,-1.215860835
467.3,-1.212776906
467.4,-1.20968029
467.5,-1.206571072
467.6,-1.203449336
467.7,-1.200315169
467.8,-1.197168656
467.9,-1.194009884
468,-1.190838939
468.1,-1.187655909
468.2,-1.184460879
468.3,-1.181253939
468.4,-1.178035176
468.5,-1.174804678
468.6,-1.171562533
468.7,-1.168308832
468.8,-1.165043662
468.9,-1.161767113
469,-1.158479276
469.1,-1.15518024
469.2,-1.151870096
469.3,-1.148548935
469.4,-1.145216847
469.5,-1.141873924
469.6,-1.138520257
469.7,-1.135155939
469.8,-1.131781062
469.9,-1.128395718
470,-1.125
470.1,-1.121594001
470.2,-1.118177815
470.3,-1.114751535
470.4,-1.111315256
470.5,-1.10786907
470.6,-1.104413074
470.7,-1.100947361
470.8,-1.097472026
470.9,-1.093987166
471,-1.090492875
471.1,-1.086989249
471.2,-1.083476384
471.3,-1.079954377
471.4,-1.076423325
471.5,-1.072883323
471.6,-1.069334469
471.7,-1.06577686
471.8,-1.062210594
471.9,-1.058635769
472,-1.055052482
472.1,-1.051460832
472.2,-1.047860918
472.3,-1.044252837
472.4,-1.04063669
472.5,-1.037012574
472.6,-1.03338059
472.7,-1.029740837
472.8,-1.026093415
472.9,-1.022438423
473,-1.018775962
473.1,-1.015106133
473.2,-1.011429035
473.3,-1.007744771
473.4,-1.00405344
473.5,-1.000355144
473.6,-0.996649985
473.7,-0.992938064
473.8,-0.989219482
473.9,-0.985494342
474,-0.981762746
474.1,-0.978024796
474.2,-0.974280594
474.3,-0.970530244
474.4,-0.966773848
474.5,-0.963011509
474.6,-0.95924333
474.7,-0.955469414
474.8,-0.951689865
474.9,-0.947904787
475,-0.944114284
475.1,-0.940318458
475.2,-0.936517415
475.3,-0.932711259
475.4,-0.928900093
475.5,-0.925084023
475.6,-0.921263153
475.7,-0.917437587
475.8,-0.913607431
475.9,-0.90977279
476,-0.905933768
476.1,-0.902090472
476.2,-0.898243005
476.3,-0.894391475
476.4,-0.890535986
476.5,-0.886676644
476.6,-0.882813555
476.7,-0.878946825
476.8,-0.87507656
476.9,-0.871202866
477,-0.867325849
477.1,-0.863445615
477.2,-0.859562271
477.3,-0.855675924
477.4,-0.851786679
477.5,-0.847894644
477.6,-0.843999925
477.7,-0.840102629
477.8,-0.836202863
477.9,-0.832300733
478,-0.828396347
478.1,-0.824489812
478.2,-0.820581235
478.3,-0.816670723
478.4,-0.812758382
478.5,-0.808844322
478.6,-0.804928648
478.7,-0.801011468
478.8,-0.79709289
478.9,-0.79317302
479,-0.789251967
479.1,-0.785329838
479.2,-0.78140674
479.3,-0.777482782
479.4,-0.773558069
479.5,-0.769632711
479.6,-0.765706815
479.7,-0.761780488
479.8,-0.757853838
479.9,-0.753926973
480,-0.75
480.1,-0.746073027
480.2,-0.742146162
480.3,-0.738219512
480.4,-0.734293185
480.5,-0.730367289
480.6,-0.726441931
480.7,-0.722517218
480.8,-0.71859326
480.9,-0.714670162
481,-0.710748033
481.1,-0.70682698
481.2,-0.70290711
481.3,-0.698988532
481.4,-0.695071352
481.5,-0.691155678
481.6,-0.687241618
481.7,-0.683329277
481.8,-0.679418765
481.9,-0.675510188
482,-0.671603653
482.1,-0.667699267
482.2,-0.663797137
482.3,-0.659897371
482.4,-0.656000075
482.5,-0.652105356
482.6,-0.648213321
482.7,-0.644324076
482.8,-0.640437729
482.9,-0.636554385
483,-0.632674151
483.1,-0.628797134
483.2,-0.62492344
483.3,-0.621053175
483.4,-0.617186445
483.5,-0.613323356
483.6,-0.609464014
483.7,-0.605608525
483.8,-0.601756995
483.9,-0.597909528
484,-0.594066232
484.1,-0.59022721
484.2,-0.586392569
484.3,-0.582562413
484.4,-0.578736847
484.5,-0.574915977
484.6,-0.571099907
484.7,-0.567288741
484.8,-0.563482585
484.9,-0.559681542
485,-0.555885716
485.1,-0.552095213
485.2,-0.548310135
485.3,-0.544530586
485.4,-0.54075667
485.5,-0.536988491
485.6,-0.533226152
485.7,-0.529469756
485.8,-0.525719406
485.9,-0.521975204
486,-0.518237254
486.1,-0.514505658
486.2,-0.510780518
486.3,-0.507061936
486.4,-0.503350015
486.5,-0.499644856
486.6,-0.49594656
486.7,-0.492255229
486.8,-0.488570965
486.9,-0.484893867
487,-0.481224038
487.1,-0.477561577
487.2,-0.473906585
487.3,-0.470259163
487.4,-0.46661941
487.5,-0.462987426
487.6,-0.45936331
487.7,-0.455747163
487.8,-0.452139082
487.9,-0.448539168
488,-0.444947518
488.1,-0.441364231
488.2,-0.437789406
488.3,-0.43422314
488.4,-0.430665531
488.5,-0.427116677
488.6,-0.423576675
488.7,-0.420045623
488.8,-0.416523616
488.9,-0.413010751
489,-0.409507125
489.1,-0.406012834
489.2,-0.402527974
489.3,-0.399052639
489.4,-0.395586926
489.5,-0.39213093
489.6,-0.388684744
489.7,-0.385248465
489.8,-0.381822185
489.9,-0.378405999
490,-0.375
490.1,-0.371604282
490.2,-0.368218938
490.3,-0.364844061
490.4,-0.361479743
490.5,-0.358126076
490.6,-0.354783153
490.7,-0.351451065
490.8,-0.348129904
490.9,-0.34481976
491,-0.341520724
491.1,-0.338232887
491.2,-0.334956338
491.3,-0.331691168
491.4,-0.328437467
491.5,-0.325195322
491.6,-0.321964824
491.7,-0.318746061
491.8,-0.315539121
491.9,-0.312344091
492,-0.309161061
492.1,-0.305990116
492.2,-0.302831344
492.3,-0.299684831
492.4,-0.296550664
492.5,-0.293428928
492.6,-0.29031971
492.7,-0.287223094
492.8,-0.284139165
492.9,-0.281068008
493,-0.278009707
493.1,-0.274964346
493.2,-0.271932008
493.3,-0.268912776
493.4,-0.265906734
493.5,-0.262913964
493.6,-0.259934547
493.7,-0.256968566
493.8,-0.254016101
493.9,-0.251077234
494,-0.248152045
494.1,-0.245240615
494.2,-0.242343023
494.3,-0.239459348
494.4,-0.236589671
494.5,-0.233734068
494.6,-0.23089262
494.7,-0.228065403
494.8,-0.225252495
494.9,-0.222453973
495,-0.219669914
495.1,-0.216900395
495.2,-0.21414549
495.3,-0.211405277
495.4,-0.208679829
495.5,-0.205969222
495.6,-0.203273529
495.7,-0.200592826
495.8,-0.197927185
495.9,-0.195276679
496,-0.192641381
496.1,-0.190021363
496.2,-0.187416698
496.3,-0.184827456
496.4,-0.182253708
496.5,-0.179695526
496.6,-0.177152979
496.7,-0.174626136
496.8,-0.172115068
496.9,-0.169619843
497,-0.167140529
497.1,-0.164677194
497.2,-0.162229907
497.3,-0.159798734
497.4,-0.157383741
497.5,-0.154984995
497.6,-0.152602561
497.7,-0.150236506
497.8,-0.147886894
497.9,-0.145553788
498,-0.143237254
498.1,-0.140937355
498.2,-0.138654153
498.3,-0.136387712
498.4,-0.134138093
498.5,-0.131905359
498.6,-0.129689569
498.7,-0.127490786
498.8,-0.125309069
498.9,-0.123144479
499,-0.120997074
499.1,-0.118866914
499.2,-0.116754056
499.3,-0.114658559
499.4,-0.11258048
499.5,-0.110519877
499.6,-0.108476805
499.7,-0.106451321
499.8,-0.10444348
499.9,-0.102453337
500,-0.100480947
500.1,-0.098526364
500.2,-0.096589642
500.3,-0.094670833
500.4,-0.09276999
500.5,-0.090887166
500.6,-0.089022411
500.7,-0.087175777
500.8,-0.085347316
500.9,-0.083537076
501,-0.081745107
501.1,-0.079971459
501.2,-0.07821618
501.3,-0.076479318
501.4,-0.074760921
501.5,-0.073061037
501.6,-0.071379711
501.7,-0.069716989
501.8,-0.068072918
501.9,-0.066447543
502,-0.064840907
502.1,-0.063253055
502.2,-0.061684031
502.3,-0.060133877
502.4,-0.058602636
502.5,-0.057090351
502.6,-0.055597061
502.7,-0.05412281
502.8,-0.052667636
502.9,-0.051231579
503,-0.04981468
503.1,-0.048416977
503.2,-0.047038508
503.3,-0.045679311
503.4,-0.044339423
503.5,-0.043018882
503.6,-0.041717722
503.7,-0.040435981
503.8,-0.039173692
503.9,-0.037930892
504,-0.036707613
504.1,-0.035503889
504.2,-0.034319754
504.3,-0.033155239
504.4,-0.032010377
504.5,-0.030885199
504.6,-0.029779736
504.7,-0.028694018
504.8,-0.027628075
504.9,-0.026581936
505,-0.02555563
505.1,-0.024549185
505.2,-0.023562629
505.3,-0.022595989
505.4,-0.02164929
505.5,-0.02072256
505.6,-0.019815823
505.7,-0.018929104
505.8,-0.018062429
505.9,-0.017215819
506,-0.016389299
506.1,-0.015582892
506.2,-0.014796619
506.3,-0.014030502
506.4,-0.013284562
506.5,-0.012558819
506.6,-0.011853294
506.7,-0.011168005
506.8,-0.010502972
506.9,-0.009858213
507,-0.009233745
507.1,-0.008629585
507.2,-0.00804575
507.3,-0.007482257
507.4,-0.00693912
507.5,-0.006416354
507.6,-0.005913974
507.7,-0.005431994
507.8,-0.004970426
507.9,-0.004529283
508,-0.004108578
508.1,-0.003708323
508.2,-0.003328527
508.3,-0.002969201
508.4,-0.002630356
508.5,-0.002312
508.6,-0.002014142
508.7,-0.001736791
508.8,-0.001479954
508.9,-0.001243638
509,-0.001027849
509.1,-0.000832594
509.2,-0.000657877
509.3,-0.000503705
509.4,-0.00037008
509.5,-0.000257006
509.6,-0.000164487
509.7,-9.25E-05
509.8,-4.11E-05
509.9,-1.03E-05
